Filename,Genus,Species,Name of Training Set ,Data Type,Number of Specimens ,Man PC1,Man PC2,Man PC3,Man PC4,Man PC5,AI PC1,AI PC2,AI PC3,AI PC4,AI PC5
st049_bl1_fo2.tif,Menardella,limbata,T0_AI_1_Images,Original,1,-0.028514932,0.021547018,-0.000825525,-0.009497057,-0.002194338,0.000429072,0.018575072,-0.002204783,0.006209988,0.003794287
st049_bl1_fo3.tif,Menardella,limbata,T0_AI_1_Images,Original,1,0.001732528,-0.022613767,0.00341716,-0.034003456,0.016089834,0.022463739,0.003446235,-0.005099624,-0.003944414,0.00350765
st049_bl1_fo4.tif,Menardella,limbata,T0_AI_1_Images,Original,1,0.007446175,0.002209237,0.019605811,-0.016441132,-0.015328903,0.012949429,-0.00061299,-0.005272628,0.004615592,-0.003090261
st049_bl2_fo1.tif,Menardella,limbata,T0_AI_1_Images,Original,1,0.034591464,-0.010427272,0.00343546,-0.022687639,-0.006962261,0.004380913,0.014189147,-0.012771728,0.005981788,-0.002985611
st050_bl1_fo1.tif,Menardella,exilis,T0_AI_1_Images,Original,1,-0.048565009,-0.015074848,0.003739381,0.00284963,-0.009116703,0.010036597,-0.007384185,-0.015556936,-0.002977635,-0.006633571
st050_bl1_fo2.tif,Menardella,exilis,T0_AI_1_Images,Original,1,-0.032681283,0.01717859,0.010537113,-0.002825552,-0.030599,0.019243284,0.014456673,-0.002952729,-0.005496715,0.002272085
st050_bl1_fo3.tif,Menardella,exilis,T0_AI_1_Images,Original,1,-0.026320117,-0.002912189,-0.027709413,0.028351929,0.003374332,-0.009613305,-0.007953317,-0.032477196,0.026088964,0.005275478
st050_bl1_fo4.tif,Menardella,exilis,T0_AI_1_Images,Original,1,-0.011474843,0.036895087,0.024128699,-0.008777257,0.010697944,-0.001906655,0.029292005,0.001984508,0.008771862,0.007201408
st050_bl1_fo5.tif,Menardella,exilis,T0_AI_1_Images,Original,1,-0.019733521,0.00461763,-0.022786882,0.000989092,0.010786238,0.005018557,0.001357342,-0.013262452,-0.00296245,0.011905299
st051_bl1_fo1.tif,Menardella,pertenuis,T0_AI_1_Images,Original,1,0.007204467,-0.01779885,0.028967552,0.024664508,0.000798854,0.023858454,-0.015736692,0.022035179,0.016159384,0.001441129
st051_bl1_fo2.tif,Menardella,pertenuis,T0_AI_1_Images,Original,1,0.028051618,0.003542093,-0.005163975,-0.003093874,-0.007280936,0.006866163,0.004686146,-0.005858848,0.008273258,0.008771853
st051_bl1_fo3.tif,Menardella,pertenuis,T0_AI_1_Images,Original,1,0.020694545,-0.029993528,-0.004444421,-0.006191255,0.014947199,0.018778676,-0.005023332,-0.013491903,0.001818631,0.010355068
st051_bl1_fo4.tif,Menardella,pertenuis,T0_AI_1_Images,Original,1,0.028058418,-0.007796862,0.010243324,0.010134433,-0.008781193,0.013997633,0.013302499,-0.00833244,0.00053837,-0.000515774
st051_bl1_fo5.tif,Menardella,pertenuis,T0_AI_1_Images,Original,1,0.015749379,0.014713611,-0.007642846,0.006730264,-0.004067911,0.018377732,0.016369648,-0.013085198,0.002258473,0.000155719
st061_bl1_fo2.tif,Menardella,pertenuis,T0_AI_1_Images,Original,1,-0.03256778,-0.007399137,0.016915715,-0.012551398,0.026310515,0.012370351,0.014729086,0.006760269,0.005178729,0.007923477
st061_bl1_fo3.tif,Menardella,pertenuis,T0_AI_1_Images,Original,1,-0.036241242,-0.003280086,0.012558869,0.008426663,0.006988947,0.011672336,0.009899351,-0.003531699,-0.00246733,0.001942004
st061_bl1_fo5.tif,Menardella,pertenuis,T0_AI_1_Images,Original,1,0.00828302,0.001398737,0.034293694,0.024964488,-0.004531753,0.018307056,0.014059072,0.008590262,0.012871121,0.005809485
st062_bl1_fo2.tif,Menardella,exilis,T0_AI_1_Images,Original,1,0.002006667,0.017210424,-0.002768128,0.010210712,0.024800899,0.020916515,0.010248619,-0.003185898,0.001508186,0.005983627
st062_bl1_fo3.tif,Menardella,exilis,T0_AI_1_Images,Original,1,-0.030537619,-0.026125055,-0.000972287,-0.002666616,-0.007629119,0.007937852,0.00627066,-0.010329362,-0.00493608,-5.64E-05
st062_bl1_fo5.tif,Menardella,exilis,T0_AI_1_Images,Original,1,-0.039779112,-0.014134118,-0.005707471,-0.003468543,-0.010648021,-0.001833516,-0.001724719,-0.015282774,-0.00880834,-0.006426198
st049_bl1_fo2.tif,Menardella,limbata,T1_AI_2_Images,Original,2,-0.028514932,0.021547018,-0.000825525,-0.009497057,-0.002194338,0.00311556,0.018289153,-0.002869172,-0.003094127,0.004050821
st049_bl1_fo3.tif,Menardella,limbata,T1_AI_2_Images,Original,2,0.001732528,-0.022613767,0.00341716,-0.034003456,0.016089834,0.014688602,-0.002408668,-0.008211672,-0.007069528,0.007837664
st049_bl1_fo4.tif,Menardella,limbata,T1_AI_2_Images,Original,2,0.007446175,0.002209237,0.019605811,-0.016441132,-0.015328903,0.021519557,0.00622248,-0.00600269,-0.000112223,-0.012880964
st049_bl2_fo1.tif,Menardella,limbata,T1_AI_2_Images,Original,2,0.034591464,-0.010427272,0.00343546,-0.022687639,-0.006962261,0.01073877,0.019798743,-0.008615538,0.00335935,-0.011190798
st050_bl1_fo1.tif,Menardella,exilis,T1_AI_2_Images,Original,2,-0.048565009,-0.015074848,0.003739381,0.00284963,-0.009116703,-0.007055757,-0.002916954,-0.014475799,-0.003428879,-0.011743491
st050_bl1_fo2.tif,Menardella,exilis,T1_AI_2_Images,Original,2,-0.032681283,0.01717859,0.010537113,-0.002825552,-0.030599,0.011893158,0.006471641,-0.013176907,0.002884753,-0.008626934
st050_bl1_fo3.tif,Menardella,exilis,T1_AI_2_Images,Original,2,-0.026320117,-0.002912189,-0.027709413,0.028351929,0.003374332,0.000565277,-0.010713617,-0.033170083,0.023313208,0.006883427
st050_bl1_fo4.tif,Menardella,exilis,T1_AI_2_Images,Original,2,-0.011474843,0.036895087,0.024128699,-0.008777257,0.010697944,0.00766659,0.022970391,0.014892,-0.004294,0.00732769
st050_bl1_fo5.tif,Menardella,exilis,T1_AI_2_Images,Original,2,-0.019733521,0.00461763,-0.022786882,0.000989092,0.010786238,0.006348676,0.01222032,-0.012863681,0.001974469,-0.001195589
st051_bl1_fo1.tif,Menardella,pertenuis,T1_AI_2_Images,Original,2,0.007204467,-0.01779885,0.028967552,0.024664508,0.000798854,0.023177462,-0.014168996,0.024854166,0.019183118,-0.005507196
st051_bl1_fo2.tif,Menardella,pertenuis,T1_AI_2_Images,Original,2,0.028051618,0.003542093,-0.005163975,-0.003093874,-0.007280936,0.007033372,0.002299352,-0.007045833,-0.00168148,0.013481776
st051_bl1_fo3.tif,Menardella,pertenuis,T1_AI_2_Images,Original,2,0.020694545,-0.029993528,-0.004444421,-0.006191255,0.014947199,0.015519404,-0.006262833,-0.012993395,0.002419168,0.005066947
st051_bl1_fo4.tif,Menardella,pertenuis,T1_AI_2_Images,Original,2,0.028058418,-0.007796862,0.010243324,0.010134433,-0.008781193,0.015418505,0.019304189,-0.009448649,0.006461735,-0.001154929
st051_bl1_fo5.tif,Menardella,pertenuis,T1_AI_2_Images,Original,2,0.015749379,0.014713611,-0.007642846,0.006730264,-0.004067911,0.019143212,0.013640895,-0.010027396,0.005574763,-0.001950261
st061_bl1_fo2.tif,Menardella,pertenuis,T1_AI_2_Images,Original,2,-0.03256778,-0.007399137,0.016915715,-0.012551398,0.026310515,0.01999531,0.010356474,0.002252044,0.001790759,0.006886734
st061_bl1_fo3.tif,Menardella,pertenuis,T1_AI_2_Images,Original,2,-0.036241242,-0.003280086,0.012558869,0.008426663,0.006988947,0.004159415,0.015269078,-0.006545063,0.000880198,-0.001865733
st061_bl1_fo5.tif,Menardella,pertenuis,T1_AI_2_Images,Original,2,0.00828302,0.001398737,0.034293694,0.024964488,-0.004531753,0.027300338,-0.00491616,0.017873247,0.01944916,-0.002318216
st062_bl1_fo2.tif,Menardella,exilis,T1_AI_2_Images,Original,2,0.002006667,0.017210424,-0.002768128,0.010210712,0.024800899,0.00577735,0.022847237,-0.003085562,0.005620929,0.008114003
st062_bl1_fo3.tif,Menardella,exilis,T1_AI_2_Images,Original,2,-0.030537619,-0.026125055,-0.000972287,-0.002666616,-0.007629119,0.014320529,0.005824604,-0.012023603,0.001111095,-0.009227713
st062_bl1_fo5.tif,Menardella,exilis,T1_AI_2_Images,Original,2,-0.039779112,-0.014134118,-0.005707471,-0.003468543,-0.010648021,-0.008852666,-0.005612252,-0.021098011,-0.010776136,-0.017118989
st049_bl1_fo2.tif,Menardella,limbata,T2_AI_4_Images,Original,4,-0.028514932,0.021547018,-0.000825525,-0.009497057,-0.002194338,-0.014209022,0.027152513,0.003706388,-0.00521222,-0.009788702
st049_bl1_fo3.tif,Menardella,limbata,T2_AI_4_Images,Original,4,0.001732528,-0.022613767,0.00341716,-0.034003456,0.016089834,0.007034754,-0.022134569,0.005494059,-0.032962102,0.014049164
st049_bl1_fo4.tif,Menardella,limbata,T2_AI_4_Images,Original,4,0.007446175,0.002209237,0.019605811,-0.016441132,-0.015328903,0.017630226,0.002290467,0.015003361,-0.018066578,-0.015480101
st049_bl2_fo1.tif,Menardella,limbata,T2_AI_4_Images,Original,4,0.034591464,-0.010427272,0.00343546,-0.022687639,-0.006962261,0.032600529,-0.004129279,-0.003001125,-0.017971196,-0.008878799
st050_bl1_fo1.tif,Menardella,exilis,T2_AI_4_Images,Original,4,-0.048565009,-0.015074848,0.003739381,0.00284963,-0.009116703,-0.030512447,-0.010802596,-0.008130637,-0.001823977,-0.010994799
st050_bl1_fo2.tif,Menardella,exilis,T2_AI_4_Images,Original,4,-0.032681283,0.01717859,0.010537113,-0.002825552,-0.030599,-0.006800653,0.022489629,-0.004237992,-0.005987847,-0.011007131
st050_bl1_fo3.tif,Menardella,exilis,T2_AI_4_Images,Original,4,-0.026320117,-0.002912189,-0.027709413,0.028351929,0.003374332,-0.011021135,0.00084945,-0.031126793,0.025817501,0.001843838
st050_bl1_fo4.tif,Menardella,exilis,T2_AI_4_Images,Original,4,-0.011474843,0.036895087,0.024128699,-0.008777257,0.010697944,-0.00767788,0.035328652,0.022398032,-0.010011221,0.011534115
st050_bl1_fo5.tif,Menardella,exilis,T2_AI_4_Images,Original,4,-0.019733521,0.00461763,-0.022786882,0.000989092,0.010786238,0.022114157,0.00707499,-0.013652638,-0.004000676,0.00287261
st051_bl1_fo1.tif,Menardella,pertenuis,T2_AI_4_Images,Original,4,0.007204467,-0.01779885,0.028967552,0.024664508,0.000798854,0.020619979,-0.019681682,0.024872513,0.020070761,-0.001191851
st051_bl1_fo2.tif,Menardella,pertenuis,T2_AI_4_Images,Original,4,0.028051618,0.003542093,-0.005163975,-0.003093874,-0.007280936,0.032132308,0.004875225,-0.013681965,-0.00077002,-0.000213968
st051_bl1_fo3.tif,Menardella,pertenuis,T2_AI_4_Images,Original,4,0.020694545,-0.029993528,-0.004444421,-0.006191255,0.014947199,0.011415161,-0.025358294,0.00136247,-0.002319777,0.009210657
st051_bl1_fo4.tif,Menardella,pertenuis,T2_AI_4_Images,Original,4,0.028058418,-0.007796862,0.010243324,0.010134433,-0.008781193,0.030241068,-0.007067994,0.007347347,0.010210565,-0.007914104
st051_bl1_fo5.tif,Menardella,pertenuis,T2_AI_4_Images,Original,4,0.015749379,0.014713611,-0.007642846,0.006730264,-0.004067911,0.02181381,0.016841874,-0.015089535,0.001973486,-0.000423414
st061_bl1_fo2.tif,Menardella,pertenuis,T2_AI_4_Images,Original,4,-0.03256778,-0.007399137,0.016915715,-0.012551398,0.026310515,-0.026370268,-0.004490488,0.014123356,-0.014292044,0.024707533
st061_bl1_fo3.tif,Menardella,pertenuis,T2_AI_4_Images,Original,4,-0.036241242,-0.003280086,0.012558869,0.008426663,0.006988947,-0.024029353,0.000472957,0.004833677,0.008568488,0.000652827
st061_bl1_fo5.tif,Menardella,pertenuis,T2_AI_4_Images,Original,4,0.00828302,0.001398737,0.034293694,0.024964488,-0.004531753,0.026846789,-0.002877754,0.007948023,0.017148179,-0.003015564
st062_bl1_fo2.tif,Menardella,exilis,T2_AI_4_Images,Original,4,0.002006667,0.017210424,-0.002768128,0.010210712,0.024800899,0.003243669,0.019675328,-0.005671223,0.007552737,0.021972069
st062_bl1_fo3.tif,Menardella,exilis,T2_AI_4_Images,Original,4,-0.030537619,-0.026125055,-0.000972287,-0.002666616,-0.007629119,0.011330541,-0.001979495,-0.00671964,-0.005436419,-0.015680244
st062_bl1_fo5.tif,Menardella,exilis,T2_AI_4_Images,Original,4,-0.039779112,-0.014134118,-0.005707471,-0.003468543,-0.010648021,-0.002474886,-0.000145231,-0.016436808,-0.011664209,-0.014619273
st049_bl1_fo2.tif,Menardella,limbata,T3_AI_8_Images,Original,8,-0.028514932,0.021547018,-0.000825525,-0.009497057,-0.002194338,-0.024602269,0.024500882,-0.002786456,-0.010718456,-0.005534656
st049_bl1_fo3.tif,Menardella,limbata,T3_AI_8_Images,Original,8,0.001732528,-0.022613767,0.00341716,-0.034003456,0.016089834,0.002128045,-0.022184787,0.004896145,-0.033149431,0.014790468
st049_bl1_fo4.tif,Menardella,limbata,T3_AI_8_Images,Original,8,0.007446175,0.002209237,0.019605811,-0.016441132,-0.015328903,0.016712206,0.000672185,0.017238274,-0.018806947,-0.015348693
st049_bl2_fo1.tif,Menardella,limbata,T3_AI_8_Images,Original,8,0.034591464,-0.010427272,0.00343546,-0.022687639,-0.006962261,0.034841896,-0.006854133,0.000259445,-0.021745183,-0.007892081
st050_bl1_fo1.tif,Menardella,exilis,T3_AI_8_Images,Original,8,-0.048565009,-0.015074848,0.003739381,0.00284963,-0.009116703,-0.048417668,-0.014329888,0.003453692,0.002792276,-0.008560136
st050_bl1_fo2.tif,Menardella,exilis,T3_AI_8_Images,Original,8,-0.032681283,0.01717859,0.010537113,-0.002825552,-0.030599,-0.034425049,0.017974207,0.007144265,-0.001503157,-0.032155469
st050_bl1_fo3.tif,Menardella,exilis,T3_AI_8_Images,Original,8,-0.026320117,-0.002912189,-0.027709413,0.028351929,0.003374332,-0.016280014,-0.007188351,-0.033432834,0.028351447,0.005066323
st050_bl1_fo4.tif,Menardella,exilis,T3_AI_8_Images,Original,8,-0.011474843,0.036895087,0.024128699,-0.008777257,0.010697944,-0.010793205,0.039196146,0.024024021,-0.008205993,0.011938633
st050_bl1_fo5.tif,Menardella,exilis,T3_AI_8_Images,Original,8,-0.019733521,0.00461763,-0.022786882,0.000989092,0.010786238,-0.003425667,0.002835739,-0.023065945,-0.000464138,0.004447795
st051_bl1_fo1.tif,Menardella,pertenuis,T3_AI_8_Images,Original,8,0.007204467,-0.01779885,0.028967552,0.024664508,0.000798854,0.011424407,-0.017705518,0.029123671,0.023690997,-0.000785861
st051_bl1_fo2.tif,Menardella,pertenuis,T3_AI_8_Images,Original,8,0.028051618,0.003542093,-0.005163975,-0.003093874,-0.007280936,0.037017013,0.005784516,-0.013487763,-0.003875421,-0.002360632
st051_bl1_fo3.tif,Menardella,pertenuis,T3_AI_8_Images,Original,8,0.020694545,-0.029993528,-0.004444421,-0.006191255,0.014947199,0.025103693,-0.028659101,-0.006776743,-0.00583048,0.011747909
st051_bl1_fo4.tif,Menardella,pertenuis,T3_AI_8_Images,Original,8,0.028058418,-0.007796862,0.010243324,0.010134433,-0.008781193,0.022153927,-0.01056278,0.015461981,0.011542277,-0.007347772
st051_bl1_fo5.tif,Menardella,pertenuis,T3_AI_8_Images,Original,8,0.015749379,0.014713611,-0.007642846,0.006730264,-0.004067911,0.026129662,0.015964825,-0.019837138,0.003140325,-0.001307983
st061_bl1_fo2.tif,Menardella,pertenuis,T3_AI_8_Images,Original,8,-0.03256778,-0.007399137,0.016915715,-0.012551398,0.026310515,-0.033980484,-0.007777677,0.01534719,-0.014150776,0.025113641
st061_bl1_fo3.tif,Menardella,pertenuis,T3_AI_8_Images,Original,8,-0.036241242,-0.003280086,0.012558869,0.008426663,0.006988947,-0.035763872,-0.004567573,0.011018437,0.009665755,0.004723385
st061_bl1_fo5.tif,Menardella,pertenuis,T3_AI_8_Images,Original,8,0.00828302,0.001398737,0.034293694,0.024964488,-0.004531753,0.023622739,-0.005847353,0.021356065,0.021129989,-0.004502058
st062_bl1_fo2.tif,Menardella,exilis,T3_AI_8_Images,Original,8,0.002006667,0.017210424,-0.002768128,0.010210712,0.024800899,0.002411328,0.018498131,-0.003106999,0.009854438,0.025369267
st062_bl1_fo3.tif,Menardella,exilis,T3_AI_8_Images,Original,8,-0.030537619,-0.026125055,-0.000972287,-0.002666616,-0.007629119,-0.026981266,-0.029071374,-0.004149368,-0.000914512,-0.009556712
st062_bl1_fo5.tif,Menardella,exilis,T3_AI_8_Images,Original,8,-0.039779112,-0.014134118,-0.005707471,-0.003468543,-0.010648021,-4.18E-05,-0.025747617,-0.021702122,-0.009200763,-0.006675527
st049_bl1_fo2.tif,Menardella,limbata,T4_AI_16_Images,Original,16,-0.028514932,0.021547018,-0.000825525,-0.009497057,-0.002194338,-0.027259583,0.022296312,-0.004541667,-0.011912983,-0.004511266
st049_bl1_fo3.tif,Menardella,limbata,T4_AI_16_Images,Original,16,0.001732528,-0.022613767,0.00341716,-0.034003456,0.016089834,-0.002826667,-0.021259578,0.005112657,-0.033518961,0.016086233
st049_bl1_fo4.tif,Menardella,limbata,T4_AI_16_Images,Original,16,0.007446175,0.002209237,0.019605811,-0.016441132,-0.015328903,0.008096056,0.002896093,0.020411275,-0.017509579,-0.015860421
st049_bl2_fo1.tif,Menardella,limbata,T4_AI_16_Images,Original,16,0.034591464,-0.010427272,0.00343546,-0.022687639,-0.006962261,0.032035998,-0.013185414,0.006114737,-0.024324131,-0.006846359
st050_bl1_fo1.tif,Menardella,exilis,T4_AI_16_Images,Original,16,-0.048565009,-0.015074848,0.003739381,0.00284963,-0.009116703,-0.047869622,-0.014465587,0.002273063,0.002850347,-0.008824723
st050_bl1_fo2.tif,Menardella,exilis,T4_AI_16_Images,Original,16,-0.032681283,0.01717859,0.010537113,-0.002825552,-0.030599,-0.033083752,0.018616365,0.009798961,-0.002636767,-0.031197327
st050_bl1_fo3.tif,Menardella,exilis,T4_AI_16_Images,Original,16,-0.026320117,-0.002912189,-0.027709413,0.028351929,0.003374332,-0.026234648,-0.003721913,-0.029636379,0.02870395,0.004007579
st050_bl1_fo4.tif,Menardella,exilis,T4_AI_16_Images,Original,16,-0.011474843,0.036895087,0.024128699,-0.008777257,0.010697944,-0.010779074,0.039607058,0.02395678,-0.008292204,0.010978934
st050_bl1_fo5.tif,Menardella,exilis,T4_AI_16_Images,Original,16,-0.019733521,0.00461763,-0.022786882,0.000989092,0.010786238,-0.016189849,0.004647415,-0.023237883,0.000300632,0.008460553
st051_bl1_fo1.tif,Menardella,pertenuis,T4_AI_16_Images,Original,16,0.007204467,-0.01779885,0.028967552,0.024664508,0.000798854,0.009900798,-0.016794926,0.029759487,0.024430379,-0.000525301
st051_bl1_fo2.tif,Menardella,pertenuis,T4_AI_16_Images,Original,16,0.028051618,0.003542093,-0.005163975,-0.003093874,-0.007280936,0.03689396,0.005298693,-0.012982099,-0.00344967,-0.002880218
st051_bl1_fo3.tif,Menardella,pertenuis,T4_AI_16_Images,Original,16,0.020694545,-0.029993528,-0.004444421,-0.006191255,0.014947199,0.023917315,-0.029286486,-0.005617639,-0.005665431,0.012044697
st051_bl1_fo4.tif,Menardella,pertenuis,T4_AI_16_Images,Original,16,0.028058418,-0.007796862,0.010243324,0.010134433,-0.008781193,0.020628001,-0.010280874,0.017716737,0.01108072,-0.007142349
st051_bl1_fo5.tif,Menardella,pertenuis,T4_AI_16_Images,Original,16,0.015749379,0.014713611,-0.007642846,0.006730264,-0.004067911,0.022130161,0.018575269,-0.013328901,0.002440379,-0.002196158
st061_bl1_fo2.tif,Menardella,pertenuis,T4_AI_16_Images,Original,16,-0.03256778,-0.007399137,0.016915715,-0.012551398,0.026310515,-0.035296405,-0.003843295,0.01695886,-0.012617232,0.026370823
st061_bl1_fo3.tif,Menardella,pertenuis,T4_AI_16_Images,Original,16,-0.036241242,-0.003280086,0.012558869,0.008426663,0.006988947,-0.038653185,-0.004534282,0.013429539,0.008783281,0.006622171
st061_bl1_fo5.tif,Menardella,pertenuis,T4_AI_16_Images,Original,16,0.00828302,0.001398737,0.034293694,0.024964488,-0.004531753,0.017006766,-0.003770325,0.02895523,0.024280458,-0.005330639
st062_bl1_fo2.tif,Menardella,exilis,T4_AI_16_Images,Original,16,0.002006667,0.017210424,-0.002768128,0.010210712,0.024800899,0.001954353,0.018672567,-0.003223669,0.009928673,0.025070048
st062_bl1_fo3.tif,Menardella,exilis,T4_AI_16_Images,Original,16,-0.030537619,-0.026125055,-0.000972287,-0.002666616,-0.007629119,-0.022058553,-0.028168839,-0.007928041,-0.00290757,-0.011702614
st062_bl1_fo5.tif,Menardella,exilis,T4_AI_16_Images,Original,16,-0.039779112,-0.014134118,-0.005707471,-0.003468543,-0.010648021,-0.024156019,-0.00777203,-0.019814645,-0.00849515,-0.015064467
st049_bl1_fo2.tif,Menardella,limbata,T5_AI_20_Images,Original,20,-0.028514932,0.021547018,-0.000825525,-0.009497057,-0.002194338,-0.028541657,0.021633443,-0.003815777,-0.010699675,-0.00542823
st049_bl1_fo3.tif,Menardella,limbata,T5_AI_20_Images,Original,20,0.001732528,-0.022613767,0.00341716,-0.034003456,0.016089834,-0.006768092,-0.021801859,0.007198467,-0.033172509,0.017016183
st049_bl1_fo4.tif,Menardella,limbata,T5_AI_20_Images,Original,20,0.007446175,0.002209237,0.019605811,-0.016441132,-0.015328903,0.006598659,0.001050401,0.019997445,-0.017188603,-0.015257292
st049_bl2_fo1.tif,Menardella,limbata,T5_AI_20_Images,Original,20,0.034591464,-0.010427272,0.00343546,-0.022687639,-0.006962261,0.032501328,-0.012375259,0.004535772,-0.024413442,-0.007956811
st050_bl1_fo1.tif,Menardella,exilis,T5_AI_20_Images,Original,20,-0.048565009,-0.015074848,0.003739381,0.00284963,-0.009116703,-0.048303182,-0.014797695,0.002040238,0.00284442,-0.009288414
st050_bl1_fo2.tif,Menardella,exilis,T5_AI_20_Images,Original,20,-0.032681283,0.01717859,0.010537113,-0.002825552,-0.030599,-0.035348195,0.018384595,0.008724905,-0.00199716,-0.032537615
st050_bl1_fo3.tif,Menardella,exilis,T5_AI_20_Images,Original,20,-0.026320117,-0.002912189,-0.027709413,0.028351929,0.003374332,-0.025158772,-0.004448107,-0.030412622,0.028945598,0.003930612
st050_bl1_fo4.tif,Menardella,exilis,T5_AI_20_Images,Original,20,-0.011474843,0.036895087,0.024128699,-0.008777257,0.010697944,0.003138918,0.031264694,0.017503844,-0.004987165,0.0093915
st050_bl1_fo5.tif,Menardella,exilis,T5_AI_20_Images,Original,20,-0.019733521,0.00461763,-0.022786882,0.000989092,0.010786238,-0.015747117,0.004167135,-0.023197575,0.000162964,0.007603626
st051_bl1_fo1.tif,Menardella,pertenuis,T5_AI_20_Images,Original,20,0.007204467,-0.01779885,0.028967552,0.024664508,0.000798854,0.012104495,-0.017556777,0.029222425,0.024283494,-0.000484737
st051_bl1_fo2.tif,Menardella,pertenuis,T5_AI_20_Images,Original,20,0.028051618,0.003542093,-0.005163975,-0.003093874,-0.007280936,0.034345965,0.003689518,-0.011334764,-0.002524816,-0.005216409
st051_bl1_fo3.tif,Menardella,pertenuis,T5_AI_20_Images,Original,20,0.020694545,-0.029993528,-0.004444421,-0.006191255,0.014947199,0.01843991,-0.032253342,-0.00384822,-0.005323611,0.013213635
st051_bl1_fo4.tif,Menardella,pertenuis,T5_AI_20_Images,Original,20,0.028058418,-0.007796862,0.010243324,0.010134433,-0.008781193,0.02525775,-0.010118177,0.013371301,0.011138063,-0.008420811
st051_bl1_fo5.tif,Menardella,pertenuis,T5_AI_20_Images,Original,20,0.015749379,0.014713611,-0.007642846,0.006730264,-0.004067911,0.02593923,0.015704609,-0.019432009,0.002334146,-0.001551304
st061_bl1_fo2.tif,Menardella,pertenuis,T5_AI_20_Images,Original,20,-0.03256778,-0.007399137,0.016915715,-0.012551398,0.026310515,-0.034870997,-0.005723019,0.016338672,-0.013458945,0.025952976
st061_bl1_fo3.tif,Menardella,pertenuis,T5_AI_20_Images,Original,20,-0.036241242,-0.003280086,0.012558869,0.008426663,0.006988947,-0.037475078,-0.005178343,0.012499832,0.009058861,0.006465465
st061_bl1_fo5.tif,Menardella,pertenuis,T5_AI_20_Images,Original,20,0.00828302,0.001398737,0.034293694,0.024964488,-0.004531753,0.020867192,-0.005618582,0.026889872,0.023028217,-0.004357823
st062_bl1_fo2.tif,Menardella,exilis,T5_AI_20_Images,Original,20,0.002006667,0.017210424,-0.002768128,0.010210712,0.024800899,0.002097226,0.018238979,-0.003102354,0.010101028,0.024956953
st062_bl1_fo3.tif,Menardella,exilis,T5_AI_20_Images,Original,20,-0.030537619,-0.026125055,-0.000972287,-0.002666616,-0.007629119,-0.019180522,-0.026500003,-0.009228014,-0.002691372,-0.012547413
st062_bl1_fo5.tif,Menardella,exilis,T5_AI_20_Images,Original,20,-0.039779112,-0.014134118,-0.005707471,-0.003468543,-0.010648021,0.004805703,-0.022032958,-0.023182549,-0.009091884,-0.008786876
st049_bl1_fo2.tif,Menardella,limbata,Aug_T0_AI_1_Images,Augmented ,1,-0.028514932,0.021547018,-0.000825525,-0.009497057,-0.002194338,0.005953082,0.015031709,-0.011181587,-0.00701438,-0.008138875
st049_bl1_fo3.tif,Menardella,limbata,Aug_T0_AI_1_Images,Augmented ,1,0.001732528,-0.022613767,0.00341716,-0.034003456,0.016089834,0.019079908,0.00059663,-0.001223889,-0.015949519,0.002876763
st049_bl1_fo4.tif,Menardella,limbata,Aug_T0_AI_1_Images,Augmented ,1,0.007446175,0.002209237,0.019605811,-0.016441132,-0.015328903,0.016870081,0.0117969,-0.004894703,-0.005998298,-0.020725532
st049_bl2_fo1.tif,Menardella,limbata,Aug_T0_AI_1_Images,Augmented ,1,0.034591464,-0.010427272,0.00343546,-0.022687639,-0.006962261,0.032708225,-0.000397463,-0.008139219,-0.014670095,-0.010499101
st050_bl1_fo1.tif,Menardella,exilis,Aug_T0_AI_1_Images,Augmented ,1,-0.048565009,-0.015074848,0.003739381,0.00284963,-0.009116703,-0.041812487,-0.015567675,-0.00046553,0.0012497,-0.009209327
st050_bl1_fo2.tif,Menardella,exilis,Aug_T0_AI_1_Images,Augmented ,1,-0.032681283,0.01717859,0.010537113,-0.002825552,-0.030599,-0.014377746,0.027867202,-0.002815546,-0.004941467,-0.028193151
st050_bl1_fo3.tif,Menardella,exilis,Aug_T0_AI_1_Images,Augmented ,1,-0.026320117,-0.002912189,-0.027709413,0.028351929,0.003374332,-0.002943276,-0.009817482,-0.034223466,0.024693149,0.005761617
st050_bl1_fo4.tif,Menardella,exilis,Aug_T0_AI_1_Images,Augmented ,1,-0.011474843,0.036895087,0.024128699,-0.008777257,0.010697944,-0.01019752,0.038365734,0.024530978,-0.007959443,0.011650802
st050_bl1_fo5.tif,Menardella,exilis,Aug_T0_AI_1_Images,Augmented ,1,-0.019733521,0.00461763,-0.022786882,0.000989092,0.010786238,-0.005156272,0.009519429,-0.022617572,0.002280133,0.000688897
st051_bl1_fo1.tif,Menardella,pertenuis,Aug_T0_AI_1_Images,Augmented ,1,0.007204467,-0.01779885,0.028967552,0.024664508,0.000798854,0.014291617,-0.018049208,0.027465485,0.022906292,-0.000887803
st051_bl1_fo2.tif,Menardella,pertenuis,Aug_T0_AI_1_Images,Augmented ,1,0.028051618,0.003542093,-0.005163975,-0.003093874,-0.007280936,0.011551741,0.000160301,-0.019213426,-0.000803803,0.01229597
st051_bl1_fo3.tif,Menardella,pertenuis,Aug_T0_AI_1_Images,Augmented ,1,0.020694545,-0.029993528,-0.004444421,-0.006191255,0.014947199,0.022175405,-0.030252424,-0.004582179,-0.005256148,0.012182678
st051_bl1_fo4.tif,Menardella,pertenuis,Aug_T0_AI_1_Images,Augmented ,1,0.028058418,-0.007796862,0.010243324,0.010134433,-0.008781193,0.034265629,0.003291766,-0.010652218,0.008477227,-0.007306883
st051_bl1_fo5.tif,Menardella,pertenuis,Aug_T0_AI_1_Images,Augmented ,1,0.015749379,0.014713611,-0.007642846,0.006730264,-0.004067911,0.024188445,0.016390653,-0.017316745,-0.000506549,-0.002344703
st061_bl1_fo2.tif,Menardella,pertenuis,Aug_T0_AI_1_Images,Augmented ,1,-0.03256778,-0.007399137,0.016915715,-0.012551398,0.026310515,0.002540754,0.016145135,0.005030474,-0.005878367,0.010285945
st061_bl1_fo3.tif,Menardella,pertenuis,Aug_T0_AI_1_Images,Augmented ,1,-0.036241242,-0.003280086,0.012558869,0.008426663,0.006988947,-0.007844207,-0.009724675,-0.002126059,0.00544436,0.003998849
st061_bl1_fo5.tif,Menardella,pertenuis,Aug_T0_AI_1_Images,Augmented ,1,0.00828302,0.001398737,0.034293694,0.024964488,-0.004531753,0.025208995,-0.004971833,0.017068202,0.019167839,-0.003654247
st062_bl1_fo2.tif,Menardella,exilis,Aug_T0_AI_1_Images,Augmented ,1,0.002006667,0.017210424,-0.002768128,0.010210712,0.024800899,0.005971628,0.017422492,-0.004821235,0.00660635,0.016171051
st062_bl1_fo3.tif,Menardella,exilis,Aug_T0_AI_1_Images,Augmented ,1,-0.030537619,-0.026125055,-0.000972287,-0.002666616,-0.007629119,0.00669205,-0.01913355,-0.011769607,-0.004933542,-0.008596887
st062_bl1_fo5.tif,Menardella,exilis,Aug_T0_AI_1_Images,Augmented ,1,-0.039779112,-0.014134118,-0.005707471,-0.003468543,-0.010648021,-0.004255559,0.004478761,-0.019531775,-0.010861544,-0.006046642
st049_bl1_fo2.tif,Menardella,limbata,Aug_T1_AI_2_Images,Augmented ,2,-0.028514932,0.021547018,-0.000825525,-0.009497057,-0.002194338,0.004088767,0.015868467,-0.008765729,-0.004667153,-0.006129938
st049_bl1_fo3.tif,Menardella,limbata,Aug_T1_AI_2_Images,Augmented ,2,0.001732528,-0.022613767,0.00341716,-0.034003456,0.016089834,0.017396933,-0.000174283,-0.006194294,-0.013322003,0.010643282
st049_bl1_fo4.tif,Menardella,limbata,Aug_T1_AI_2_Images,Augmented ,2,0.007446175,0.002209237,0.019605811,-0.016441132,-0.015328903,0.022723261,0.005332774,-0.005609952,-0.00929932,-0.017616977
st049_bl2_fo1.tif,Menardella,limbata,Aug_T1_AI_2_Images,Augmented ,2,0.034591464,-0.010427272,0.00343546,-0.022687639,-0.006962261,0.035145232,-0.002257411,-0.005095881,-0.017618103,-0.010762024
st050_bl1_fo1.tif,Menardella,exilis,Aug_T1_AI_2_Images,Augmented ,2,-0.048565009,-0.015074848,0.003739381,0.00284963,-0.009116703,-0.036571576,-0.016712714,-0.003953856,0.00095262,-0.009848044
st050_bl1_fo2.tif,Menardella,exilis,Aug_T1_AI_2_Images,Augmented ,2,-0.032681283,0.01717859,0.010537113,-0.002825552,-0.030599,0.00727585,0.001155267,-0.007118464,-0.007880543,-0.025979557
st050_bl1_fo3.tif,Menardella,exilis,Aug_T1_AI_2_Images,Augmented ,2,-0.026320117,-0.002912189,-0.027709413,0.028351929,0.003374332,0.010423857,-0.015204381,-0.032311825,0.017063436,0.008037257
st050_bl1_fo4.tif,Menardella,exilis,Aug_T1_AI_2_Images,Augmented ,2,-0.011474843,0.036895087,0.024128699,-0.008777257,0.010697944,0.001441102,0.03031858,0.020711433,-0.005562347,0.011361168
st050_bl1_fo5.tif,Menardella,exilis,Aug_T1_AI_2_Images,Augmented ,2,-0.019733521,0.00461763,-0.022786882,0.000989092,0.010786238,-0.011728777,0.005761177,-0.024084023,-0.000122669,0.00577081
st051_bl1_fo1.tif,Menardella,pertenuis,Aug_T1_AI_2_Images,Augmented ,2,0.007204467,-0.01779885,0.028967552,0.024664508,0.000798854,0.011761009,-0.018279328,0.028814845,0.023919135,-0.000503596
st051_bl1_fo2.tif,Menardella,pertenuis,Aug_T1_AI_2_Images,Augmented ,2,0.028051618,0.003542093,-0.005163975,-0.003093874,-0.007280936,0.02409857,0.003479933,-0.019005542,-0.004023816,0.011120144
st051_bl1_fo3.tif,Menardella,pertenuis,Aug_T1_AI_2_Images,Augmented ,2,0.020694545,-0.029993528,-0.004444421,-0.006191255,0.014947199,0.025730455,-0.030064444,-0.006873867,-0.00594734,0.01199962
st051_bl1_fo4.tif,Menardella,pertenuis,Aug_T1_AI_2_Images,Augmented ,2,0.028058418,-0.007796862,0.010243324,0.010134433,-0.008781193,0.033456979,0.001938006,-0.003354975,0.007547989,-0.005501865
st051_bl1_fo5.tif,Menardella,pertenuis,Aug_T1_AI_2_Images,Augmented ,2,0.015749379,0.014713611,-0.007642846,0.006730264,-0.004067911,0.024898358,0.017772551,-0.017721597,0.001446317,-0.000669868
st061_bl1_fo2.tif,Menardella,pertenuis,Aug_T1_AI_2_Images,Augmented ,2,-0.03256778,-0.007399137,0.016915715,-0.012551398,0.026310515,-0.001399211,0.012358374,0.005445101,-0.008137962,0.009684734
st061_bl1_fo3.tif,Menardella,pertenuis,Aug_T1_AI_2_Images,Augmented ,2,-0.036241242,-0.003280086,0.012558869,0.008426663,0.006988947,-0.028572843,-0.00466574,0.009606174,0.009083553,0.007032983
st061_bl1_fo5.tif,Menardella,pertenuis,Aug_T1_AI_2_Images,Augmented ,2,0.00828302,0.001398737,0.034293694,0.024964488,-0.004531753,0.022988938,-0.003182226,0.017502675,0.018284063,-0.003452109
st062_bl1_fo2.tif,Menardella,exilis,Aug_T1_AI_2_Images,Augmented ,2,0.002006667,0.017210424,-0.002768128,0.010210712,0.024800899,0.004553084,0.019184875,-0.005070993,0.007853735,0.0210433
st062_bl1_fo3.tif,Menardella,exilis,Aug_T1_AI_2_Images,Augmented ,2,-0.030537619,-0.026125055,-0.000972287,-0.002666616,-0.007629119,-0.00108064,-0.015255543,-0.010737064,-0.00441502,-0.011369654
st062_bl1_fo5.tif,Menardella,exilis,Aug_T1_AI_2_Images,Augmented ,2,-0.039779112,-0.014134118,-0.005707471,-0.003468543,-0.010648021,0.004823045,-0.002871443,-0.021003058,-0.009548612,-0.013659706
st049_bl1_fo2.tif,Menardella,limbata,Aug_T2_AI_4_Images,Augmented ,4,-0.028514932,0.021547018,-0.000825525,-0.009497057,-0.002194338,-0.025076244,0.023974298,0.002188197,-0.006238719,-0.009377866
st049_bl1_fo3.tif,Menardella,limbata,Aug_T2_AI_4_Images,Augmented ,4,0.001732528,-0.022613767,0.00341716,-0.034003456,0.016089834,-0.007315214,-0.020420483,0.008504053,-0.032441994,0.016362128
st049_bl1_fo4.tif,Menardella,limbata,Aug_T2_AI_4_Images,Augmented ,4,0.007446175,0.002209237,0.019605811,-0.016441132,-0.015328903,0.013873397,0.001676178,0.018514617,-0.018476736,-0.015606453
st049_bl2_fo1.tif,Menardella,limbata,Aug_T2_AI_4_Images,Augmented ,4,0.034591464,-0.010427272,0.00343546,-0.022687639,-0.006962261,0.032338336,-0.002224397,-0.0026629,-0.018550335,-0.008409877
st050_bl1_fo1.tif,Menardella,exilis,Aug_T2_AI_4_Images,Augmented ,4,-0.048565009,-0.015074848,0.003739381,0.00284963,-0.009116703,-0.048005268,-0.014891649,0.002150937,0.00231276,-0.009597986
st050_bl1_fo2.tif,Menardella,exilis,Aug_T2_AI_4_Images,Augmented ,4,-0.032681283,0.01717859,0.010537113,-0.002825552,-0.030599,-0.027681854,0.021674552,0.002787995,-0.001963877,-0.033424879
st050_bl1_fo3.tif,Menardella,exilis,Aug_T2_AI_4_Images,Augmented ,4,-0.026320117,-0.002912189,-0.027709413,0.028351929,0.003374332,-0.010968964,-0.008355187,-0.033896516,0.024903259,0.005743536
st050_bl1_fo4.tif,Menardella,exilis,Aug_T2_AI_4_Images,Augmented ,4,-0.011474843,0.036895087,0.024128699,-0.008777257,0.010697944,-0.009639907,0.037518178,0.023734605,-0.00711639,0.011341149
st050_bl1_fo5.tif,Menardella,exilis,Aug_T2_AI_4_Images,Augmented ,4,-0.019733521,0.00461763,-0.022786882,0.000989092,0.010786238,-0.017492072,0.005083844,-0.023975498,-1.58E-05,0.008538068
st051_bl1_fo1.tif,Menardella,pertenuis,Aug_T2_AI_4_Images,Augmented ,4,0.007204467,-0.01779885,0.028967552,0.024664508,0.000798854,0.01140496,-0.01781075,0.029216859,0.024036498,-0.001311149
st051_bl1_fo2.tif,Menardella,pertenuis,Aug_T2_AI_4_Images,Augmented ,4,0.028051618,0.003542093,-0.005163975,-0.003093874,-0.007280936,0.036782372,0.006337083,-0.013542725,-0.004188022,-0.001867517
st051_bl1_fo3.tif,Menardella,pertenuis,Aug_T2_AI_4_Images,Augmented ,4,0.020694545,-0.029993528,-0.004444421,-0.006191255,0.014947199,0.014310133,-0.031008201,-0.000598557,-0.00537183,0.013963489
st051_bl1_fo4.tif,Menardella,pertenuis,Aug_T2_AI_4_Images,Augmented ,4,0.028058418,-0.007796862,0.010243324,0.010134433,-0.008781193,0.024850003,-0.009717749,0.013826535,0.010804634,-0.0072327
st051_bl1_fo5.tif,Menardella,pertenuis,Aug_T2_AI_4_Images,Augmented ,4,0.015749379,0.014713611,-0.007642846,0.006730264,-0.004067911,0.024739128,0.016340279,-0.016317878,0.002082365,-2.78E-05
st061_bl1_fo2.tif,Menardella,pertenuis,Aug_T2_AI_4_Images,Augmented ,4,-0.03256778,-0.007399137,0.016915715,-0.012551398,0.026310515,-0.028997677,-0.004616303,0.014093619,-0.013349306,0.026647445
st061_bl1_fo3.tif,Menardella,pertenuis,Aug_T2_AI_4_Images,Augmented ,4,-0.036241242,-0.003280086,0.012558869,0.008426663,0.006988947,-0.031908811,-0.003276096,0.010745644,0.010135563,0.005935659
st061_bl1_fo5.tif,Menardella,pertenuis,Aug_T2_AI_4_Images,Augmented ,4,0.00828302,0.001398737,0.034293694,0.024964488,-0.004531753,0.021350708,-0.002965356,0.026929093,0.02249485,-0.004090585
st062_bl1_fo2.tif,Menardella,exilis,Aug_T2_AI_4_Images,Augmented ,4,0.002006667,0.017210424,-0.002768128,0.010210712,0.024800899,0.002061998,0.018538238,-0.004206293,0.008493694,0.025903927
st062_bl1_fo3.tif,Menardella,exilis,Aug_T2_AI_4_Images,Augmented ,4,-0.030537619,-0.026125055,-0.000972287,-0.002666616,-0.007629119,-0.013728592,-0.023976311,-0.008811569,-0.004494194,-0.014041802
st062_bl1_fo5.tif,Menardella,exilis,Aug_T2_AI_4_Images,Augmented ,4,-0.039779112,-0.014134118,-0.005707471,-0.003468543,-0.010648021,0.007868446,-0.022832615,-0.023350707,-0.010748167,-0.006426222
st049_bl1_fo2.tif,Menardella,limbata,Aug_T3_AI_8_Images,Augmented ,8,-0.028514932,0.021547018,-0.000825525,-0.009497057,-0.002194338,-0.026058008,0.023521396,-0.003064254,-0.009713648,-0.006434673
st049_bl1_fo3.tif,Menardella,limbata,Aug_T3_AI_8_Images,Augmented ,8,0.001732528,-0.022613767,0.00341716,-0.034003456,0.016089834,-0.001945893,-0.022853388,0.005620741,-0.03312312,0.015658327
st049_bl1_fo4.tif,Menardella,limbata,Aug_T3_AI_8_Images,Augmented ,8,0.007446175,0.002209237,0.019605811,-0.016441132,-0.015328903,0.011453225,0.001787339,0.018842563,-0.018154947,-0.015421276
st049_bl2_fo1.tif,Menardella,limbata,Aug_T3_AI_8_Images,Augmented ,8,0.034591464,-0.010427272,0.00343546,-0.022687639,-0.006962261,0.033852113,-0.010538558,0.001489857,-0.022471074,-0.008325349
st050_bl1_fo1.tif,Menardella,exilis,Aug_T3_AI_8_Images,Augmented ,8,-0.048565009,-0.015074848,0.003739381,0.00284963,-0.009116703,-0.047897758,-0.015068011,0.00298933,0.002464319,-0.008609093
st050_bl1_fo2.tif,Menardella,exilis,Aug_T3_AI_8_Images,Augmented ,8,-0.032681283,0.01717859,0.010537113,-0.002825552,-0.030599,-0.034191514,0.018810157,0.009321434,-0.002227347,-0.032091081
st050_bl1_fo3.tif,Menardella,exilis,Aug_T3_AI_8_Images,Augmented ,8,-0.026320117,-0.002912189,-0.027709413,0.028351929,0.003374332,-0.023559196,-0.005726505,-0.031546695,0.02870088,0.004794858
st050_bl1_fo4.tif,Menardella,exilis,Aug_T3_AI_8_Images,Augmented ,8,-0.011474843,0.036895087,0.024128699,-0.008777257,0.010697944,-0.011775524,0.038070098,0.024694221,-0.008331484,0.010941248
st050_bl1_fo5.tif,Menardella,exilis,Aug_T3_AI_8_Images,Augmented ,8,-0.019733521,0.00461763,-0.022786882,0.000989092,0.010786238,-0.012505481,0.002633625,-0.024250003,0.000185641,0.008427058
st051_bl1_fo1.tif,Menardella,pertenuis,Aug_T3_AI_8_Images,Augmented ,8,0.007204467,-0.01779885,0.028967552,0.024664508,0.000798854,0.01385513,-0.019794791,0.027787813,0.022022304,0.000217345
st051_bl1_fo2.tif,Menardella,pertenuis,Aug_T3_AI_8_Images,Augmented ,8,0.028051618,0.003542093,-0.005163975,-0.003093874,-0.007280936,0.036235447,0.005486119,-0.01175567,-0.003837866,-0.003824429
st051_bl1_fo3.tif,Menardella,pertenuis,Aug_T3_AI_8_Images,Augmented ,8,0.020694545,-0.029993528,-0.004444421,-0.006191255,0.014947199,0.017613703,-0.032095167,-0.003008647,-0.006001896,0.013574323
st051_bl1_fo4.tif,Menardella,pertenuis,Aug_T3_AI_8_Images,Augmented ,8,0.028058418,-0.007796862,0.010243324,0.010134433,-0.008781193,0.02481341,-0.010686092,0.013709716,0.010986771,-0.008170438
st051_bl1_fo5.tif,Menardella,pertenuis,Aug_T3_AI_8_Images,Augmented ,8,0.015749379,0.014713611,-0.007642846,0.006730264,-0.004067911,0.02252416,0.017529656,-0.016759042,0.003415933,-0.001442296
st061_bl1_fo2.tif,Menardella,pertenuis,Aug_T3_AI_8_Images,Augmented ,8,-0.03256778,-0.007399137,0.016915715,-0.012551398,0.026310515,-0.034158839,-0.00547733,0.01579241,-0.013377664,0.02587431
st061_bl1_fo3.tif,Menardella,pertenuis,Aug_T3_AI_8_Images,Augmented ,8,-0.036241242,-0.003280086,0.012558869,0.008426663,0.006988947,-0.034153322,-0.003209808,0.011403605,0.009985315,0.005384364
st061_bl1_fo5.tif,Menardella,pertenuis,Aug_T3_AI_8_Images,Augmented ,8,0.00828302,0.001398737,0.034293694,0.024964488,-0.004531753,0.021584101,-0.003026504,0.026994045,0.02342509,-0.003369576
st062_bl1_fo2.tif,Menardella,exilis,Aug_T3_AI_8_Images,Augmented ,8,0.002006667,0.017210424,-0.002768128,0.010210712,0.024800899,0.001932948,0.017756353,-0.002758587,0.009994871,0.025153434
st062_bl1_fo3.tif,Menardella,exilis,Aug_T3_AI_8_Images,Augmented ,8,-0.030537619,-0.026125055,-0.000972287,-0.002666616,-0.007629119,-0.024086686,-0.027617548,-0.004861409,-0.000296916,-0.012094439
st062_bl1_fo5.tif,Menardella,exilis,Aug_T3_AI_8_Images,Augmented ,8,-0.039779112,-0.014134118,-0.005707471,-0.003468543,-0.010648021,-0.032256246,-0.018222643,-0.012342002,-0.005580127,-0.009971978
st049_bl1_fo2.tif,Menardella,limbata,Aug_T4_AI_16_Images,Augmented ,16,-0.028514932,0.021547018,-0.000825525,-0.009497057,-0.002194338,-0.028465334,0.021475093,-0.006199428,-0.010261762,-0.00446745
st049_bl1_fo3.tif,Menardella,limbata,Aug_T4_AI_16_Images,Augmented ,16,0.001732528,-0.022613767,0.00341716,-0.034003456,0.016089834,-0.008012554,-0.022311991,0.008174012,-0.032178915,0.016745642
st049_bl1_fo4.tif,Menardella,limbata,Aug_T4_AI_16_Images,Augmented ,16,0.007446175,0.002209237,0.019605811,-0.016441132,-0.015328903,0.002915273,0.001744381,0.020151555,-0.016427905,-0.015073259
st049_bl2_fo1.tif,Menardella,limbata,Aug_T4_AI_16_Images,Augmented ,16,0.034591464,-0.010427272,0.00343546,-0.022687639,-0.006962261,0.031291679,-0.014639569,0.006467835,-0.024383192,-0.0066598
st050_bl1_fo1.tif,Menardella,exilis,Aug_T4_AI_16_Images,Augmented ,16,-0.048565009,-0.015074848,0.003739381,0.00284963,-0.009116703,-0.047547969,-0.014183265,0.005034083,0.003246877,-0.00809833
st050_bl1_fo2.tif,Menardella,exilis,Aug_T4_AI_16_Images,Augmented ,16,-0.032681283,0.01717859,0.010537113,-0.002825552,-0.030599,-0.033955554,0.016077595,0.010681749,-0.003121118,-0.030119217
st050_bl1_fo3.tif,Menardella,exilis,Aug_T4_AI_16_Images,Augmented ,16,-0.026320117,-0.002912189,-0.027709413,0.028351929,0.003374332,-0.026496795,-0.002879006,-0.029117395,0.028452773,0.003296121
st050_bl1_fo4.tif,Menardella,exilis,Aug_T4_AI_16_Images,Augmented ,16,-0.011474843,0.036895087,0.024128699,-0.008777257,0.010697944,-0.011010221,0.038644837,0.023687015,-0.00816923,0.011679804
st050_bl1_fo5.tif,Menardella,exilis,Aug_T4_AI_16_Images,Augmented ,16,-0.019733521,0.00461763,-0.022786882,0.000989092,0.010786238,-0.020469,0.002912142,-0.022816776,-0.000425936,0.011492344
st051_bl1_fo1.tif,Menardella,pertenuis,Aug_T4_AI_16_Images,Augmented ,16,0.007204467,-0.01779885,0.028967552,0.024664508,0.000798854,0.004020896,-0.017440276,0.029324685,0.025064311,0.000693834
st051_bl1_fo2.tif,Menardella,pertenuis,Aug_T4_AI_16_Images,Augmented ,16,0.028051618,0.003542093,-0.005163975,-0.003093874,-0.007280936,0.034783655,0.005777409,-0.011350223,-0.003073585,-0.004706642
st051_bl1_fo3.tif,Menardella,pertenuis,Aug_T4_AI_16_Images,Augmented ,16,0.020694545,-0.029993528,-0.004444421,-0.006191255,0.014947199,0.011746249,-0.02984927,0.000314333,-0.006048592,0.013293671
st051_bl1_fo4.tif,Menardella,pertenuis,Aug_T4_AI_16_Images,Augmented ,16,0.028058418,-0.007796862,0.010243324,0.010134433,-0.008781193,0.011573024,-0.006982664,0.021103587,0.011704784,-0.008578468
st051_bl1_fo5.tif,Menardella,pertenuis,Aug_T4_AI_16_Images,Augmented ,16,0.015749379,0.014713611,-0.007642846,0.006730264,-0.004067911,0.019762105,0.016560519,-0.013271577,0.00456475,-0.003254261
st061_bl1_fo2.tif,Menardella,pertenuis,Aug_T4_AI_16_Images,Augmented ,16,-0.03256778,-0.007399137,0.016915715,-0.012551398,0.026310515,-0.033649526,-0.006769713,0.016345436,-0.012268694,0.026684708
st061_bl1_fo3.tif,Menardella,pertenuis,Aug_T4_AI_16_Images,Augmented ,16,-0.036241242,-0.003280086,0.012558869,0.008426663,0.006988947,-0.036969903,-0.002832688,0.013709929,0.008311114,0.005995884
st061_bl1_fo5.tif,Menardella,pertenuis,Aug_T4_AI_16_Images,Augmented ,16,0.00828302,0.001398737,0.034293694,0.024964488,-0.004531753,0.011308315,-0.00051402,0.033107359,0.026454656,-0.005063152
st062_bl1_fo2.tif,Menardella,exilis,Aug_T4_AI_16_Images,Augmented ,16,0.002006667,0.017210424,-0.002768128,0.010210712,0.024800899,0.001939521,0.017208994,-0.002900081,0.010213608,0.024613771
st062_bl1_fo3.tif,Menardella,exilis,Aug_T4_AI_16_Images,Augmented ,16,-0.030537619,-0.026125055,-0.000972287,-0.002666616,-0.007629119,-0.027123211,-0.029644028,-0.003115283,-0.000226436,-0.008813186
st062_bl1_fo5.tif,Menardella,exilis,Aug_T4_AI_16_Images,Augmented ,16,-0.039779112,-0.014134118,-0.005707471,-0.003468543,-0.010648021,-0.039639038,-0.015836825,-0.006370354,-0.003776403,-0.010791756
st049_bl1_fo2.tif,Menardella,limbata,Aug_T5_AI_20_Images,Augmented ,20,-0.028514932,0.021547018,-0.000825525,-0.009497057,-0.002194338,-0.028239876,0.021668911,-0.003736639,-0.010581067,-0.00631228
st049_bl1_fo3.tif,Menardella,limbata,Aug_T5_AI_20_Images,Augmented ,20,0.001732528,-0.022613767,0.00341716,-0.034003456,0.016089834,-0.003916427,-0.023061422,0.006687162,-0.033552493,0.016422708
st049_bl1_fo4.tif,Menardella,limbata,Aug_T5_AI_20_Images,Augmented ,20,0.007446175,0.002209237,0.019605811,-0.016441132,-0.015328903,0.002065132,0.001425323,0.019851141,-0.016161305,-0.015001732
st049_bl2_fo1.tif,Menardella,limbata,Aug_T5_AI_20_Images,Augmented ,20,0.034591464,-0.010427272,0.00343546,-0.022687639,-0.006962261,0.03053838,-0.015631666,0.007760485,-0.024411818,-0.007134168
st050_bl1_fo1.tif,Menardella,exilis,Aug_T5_AI_20_Images,Augmented ,20,-0.048565009,-0.015074848,0.003739381,0.00284963,-0.009116703,-0.047445462,-0.014530072,0.004741576,0.002676219,-0.008039233
st050_bl1_fo2.tif,Menardella,exilis,Aug_T5_AI_20_Images,Augmented ,20,-0.032681283,0.01717859,0.010537113,-0.002825552,-0.030599,-0.034478875,0.016308178,0.010926455,-0.002899824,-0.030134699
st050_bl1_fo3.tif,Menardella,exilis,Aug_T5_AI_20_Images,Augmented ,20,-0.026320117,-0.002912189,-0.027709413,0.028351929,0.003374332,-0.027124691,-0.003169416,-0.028275489,0.028440375,0.003656806
st050_bl1_fo4.tif,Menardella,exilis,Aug_T5_AI_20_Images,Augmented ,20,-0.011474843,0.036895087,0.024128699,-0.008777257,0.010697944,-0.009970652,0.038402778,0.023122007,-0.00834805,0.01157986
st050_bl1_fo5.tif,Menardella,exilis,Aug_T5_AI_20_Images,Augmented ,20,-0.019733521,0.00461763,-0.022786882,0.000989092,0.010786238,-0.01818856,0.003807547,-0.023397606,0.000570502,0.010026031
st051_bl1_fo1.tif,Menardella,pertenuis,Aug_T5_AI_20_Images,Augmented ,20,0.007204467,-0.01779885,0.028967552,0.024664508,0.000798854,0.005272249,-0.017458037,0.029288858,0.025670129,0.000370252
st051_bl1_fo2.tif,Menardella,pertenuis,Aug_T5_AI_20_Images,Augmented ,20,0.028051618,0.003542093,-0.005163975,-0.003093874,-0.007280936,0.034519627,0.004967358,-0.010212564,-0.003758804,-0.005022208
st051_bl1_fo3.tif,Menardella,pertenuis,Aug_T5_AI_20_Images,Augmented ,20,0.020694545,-0.029993528,-0.004444421,-0.006191255,0.014947199,0.014336043,-0.032403724,-0.001229438,-0.00667967,0.013577862
st051_bl1_fo4.tif,Menardella,pertenuis,Aug_T5_AI_20_Images,Augmented ,20,0.028058418,-0.007796862,0.010243324,0.010134433,-0.008781193,0.015709242,-0.007975956,0.020410046,0.011741395,-0.008754233
st051_bl1_fo5.tif,Menardella,pertenuis,Aug_T5_AI_20_Images,Augmented ,20,0.015749379,0.014713611,-0.007642846,0.006730264,-0.004067911,0.019982577,0.016992183,-0.012548175,0.00443253,-0.002517858
st061_bl1_fo2.tif,Menardella,pertenuis,Aug_T5_AI_20_Images,Augmented ,20,-0.03256778,-0.007399137,0.016915715,-0.012551398,0.026310515,-0.034159433,-0.006512759,0.016897638,-0.012777985,0.026414643
st061_bl1_fo3.tif,Menardella,pertenuis,Aug_T5_AI_20_Images,Augmented ,20,-0.036241242,-0.003280086,0.012558869,0.008426663,0.006988947,-0.038168888,-0.003809019,0.013831627,0.007805267,0.005923003
st061_bl1_fo5.tif,Menardella,pertenuis,Aug_T5_AI_20_Images,Augmented ,20,0.00828302,0.001398737,0.034293694,0.024964488,-0.004531753,0.014830071,-0.001768432,0.032097035,0.025268031,-0.004377876
st062_bl1_fo2.tif,Menardella,exilis,Aug_T5_AI_20_Images,Augmented ,20,0.002006667,0.017210424,-0.002768128,0.010210712,0.024800899,0.0014691,0.017117895,-0.003009879,0.010275324,0.024404343
st062_bl1_fo3.tif,Menardella,exilis,Aug_T5_AI_20_Images,Augmented ,20,-0.030537619,-0.026125055,-0.000972287,-0.002666616,-0.007629119,-0.029042459,-0.028909747,-0.003437946,-0.000612202,-0.009789252
st062_bl1_fo5.tif,Menardella,exilis,Aug_T5_AI_20_Images,Augmented ,20,-0.039779112,-0.014134118,-0.005707471,-0.003468543,-0.010648021,-0.038138373,-0.015246193,-0.010033418,-0.004386902,-0.01117757
