Filename,Genus,Species,Data Type,Name of Training Set ,Number of Specimens ,Man External Volume,Man Internal Volume,Man Total Volume,Man Percentage Calcite,TS External Volume,TS Internal Volume,TS Total Volume,TS Percentage Calcite
st049_bl1_fo2.tif,Menardella,limbata,Original,T0_AI_1_Images,1,14921492.16,10251676.45,25173168.61,59.28,9987800.285,19676388.02,29664188.31,33.6695553
st049_bl1_fo3.tif,Menardella,limbata,Original,T0_AI_1_Images,1,40325477.69,27503685.24,67829162.93,59.45,22268704.76,50415113.28,72683818.04,30.63777517
st049_bl1_fo4.tif,Menardella,limbata,Original,T0_AI_1_Images,1,22610731.83,37386769.82,59997501.65,37.69,22678627.47,58781325.69,81459953.16,27.84021668
st049_bl2_fo1.tif,Menardella,limbata,Original,T0_AI_1_Images,1,57485542.31,45014124.62,102499666.9,56.08,56175014.61,77460246.16,133635260.8,42.03607213
st050_bl1_fo1.tif,Menardella,exilis,Original,T0_AI_1_Images,1,4776399.227,7130804.589,11907203.82,40.11,4492541.655,7469111.476,11961653.13,37.557866
st050_bl1_fo2.tif,Menardella,exilis,Original,T0_AI_1_Images,1,7095694.243,7996016.826,15091711.07,47.02,6450944.086,12234182.5,18685126.59,34.52448692
st050_bl1_fo3.tif,Menardella,exilis,Original,T0_AI_1_Images,1,7737616.43,7665911.054,15403527.48,50.23,7122859.078,6927495.239,14050354.32,50.69522745
st050_bl1_fo4.tif,Menardella,exilis,Original,T0_AI_1_Images,1,7581186.135,12035305.46,19616491.59,38.65,6963715.02,13400144,20363859.02,34.19644092
st050_bl1_fo5.tif,Menardella,exilis,Original,T0_AI_1_Images,1,11719399.36,18126058.51,29845457.87,39.27,11649184.11,28473081.69,40122265.8,29.03421299
st051_bl1_fo1.tif,Menardella,pertenuis,Original,T0_AI_1_Images,1,24775221.64,33940924.98,58716146.62,42.19,24518073.31,35019841.84,59537915.16,41.18060441
st051_bl1_fo2.tif,Menardella,pertenuis,Original,T0_AI_1_Images,1,78111194.72,73214266.67,151325461.4,51.62,71842212.57,160227006.8,232069219.4,30.95723456
st051_bl1_fo3.tif,Menardella,pertenuis,Original,T0_AI_1_Images,1,18636154.12,38307878.53,56944032.65,32.73,19400535.09,36672161.35,56072696.43,34.59889807
st051_bl1_fo4.tif,Menardella,pertenuis,Original,T0_AI_1_Images,1,45039196.92,61835071.32,106874268.2,42.14,46846663.54,91334084.88,138180748.4,33.90245318
st051_bl1_fo5.tif,Menardella,pertenuis,Original,T0_AI_1_Images,1,35956298.52,65333293.47,101289592,35.5,40071607.05,59996194.61,100067801.7,40.04445624
st061_bl1_fo2.tif,Menardella,pertenuis,Original,T0_AI_1_Images,1,17416721.85,29431045.94,46847767.79,37.18,16683521.47,41808579.37,58492100.84,28.52269149
st061_bl1_fo3.tif,Menardella,pertenuis,Original,T0_AI_1_Images,1,10618883.63,19641769.3,30260652.93,35.09,10261895.82,25240422.8,35502318.62,28.90486093
st061_bl1_fo5.tif,Menardella,pertenuis,Original,T0_AI_1_Images,1,16504869.85,30904592.77,47409462.62,34.81,16525367.2,35635178.87,52160546.07,31.68173734
st062_bl1_fo2.tif,Menardella,exilis,Original,T0_AI_1_Images,1,15612609.85,15352409.56,30965019.41,50.42,14580370.24,23901217.84,38481588.08,37.88921135
st062_bl1_fo3.tif,Menardella,exilis,Original,T0_AI_1_Images,1,7015797.128,9342216.128,16358013.26,42.89,6854356.295,15142018.44,21996374.73,31.16129989
st062_bl1_fo5.tif,Menardella,exilis,Original,T0_AI_1_Images,1,7674470.728,12275770.95,19950241.68,38.47,7569150.14,12766942.68,20336092.82,37.22027729
st049_bl1_fo2.tif,Menardella,limbata,Original,T1_AI_2_Images,2,14921492.16,10251676.45,25173168.61,59.28,11837042.09,15698995.88,27536037.97,42.98745558
st049_bl1_fo3.tif,Menardella,limbata,Original,T1_AI_2_Images,2,40325477.69,27503685.24,67829162.93,59.45,33951021.09,36975917.78,70926938.87,47.86759676
st049_bl1_fo4.tif,Menardella,limbata,Original,T1_AI_2_Images,2,22610731.83,37386769.82,59997501.65,37.69,23511777.03,51549198.19,75060975.21,31.32356988
st049_bl2_fo1.tif,Menardella,limbata,Original,T1_AI_2_Images,2,57485542.31,45014124.62,102499666.9,56.08,56380848.24,71513885.89,127894734.1,44.08379174
st050_bl1_fo1.tif,Menardella,exilis,Original,T1_AI_2_Images,2,4776399.227,7130804.589,11907203.82,40.11,4723820.723,7643667.976,12367488.7,38.19547232
st050_bl1_fo2.tif,Menardella,exilis,Original,T1_AI_2_Images,2,7095694.243,7996016.826,15091711.07,47.02,6714516.405,11210799.68,17925316.09,37.45828733
st050_bl1_fo3.tif,Menardella,exilis,Original,T1_AI_2_Images,2,7737616.43,7665911.054,15403527.48,50.23,7330617.043,8021892.759,15352509.8,47.74865568
st050_bl1_fo4.tif,Menardella,exilis,Original,T1_AI_2_Images,2,7581186.135,12035305.46,19616491.59,38.65,7257296.461,12682258.17,19939554.63,36.39648225
st050_bl1_fo5.tif,Menardella,exilis,Original,T1_AI_2_Images,2,11719399.36,18126058.51,29845457.87,39.27,12274192.85,22421680.94,34695873.79,35.37652035
st051_bl1_fo1.tif,Menardella,pertenuis,Original,T1_AI_2_Images,2,24775221.64,33940924.98,58716146.62,42.19,24880545.48,34778898.86,59659444.34,41.70428632
st051_bl1_fo2.tif,Menardella,pertenuis,Original,T1_AI_2_Images,2,78111194.72,73214266.67,151325461.4,51.62,72460348.48,146538289.2,218998637.7,33.08712294
st051_bl1_fo3.tif,Menardella,pertenuis,Original,T1_AI_2_Images,2,18636154.12,38307878.53,56944032.65,32.73,19898011.89,42274179.48,62172191.37,32.0046816
st051_bl1_fo4.tif,Menardella,pertenuis,Original,T1_AI_2_Images,2,45039196.92,61835071.32,106874268.2,42.14,47550807.4,85823539.92,133374347.3,35.65213878
st051_bl1_fo5.tif,Menardella,pertenuis,Original,T1_AI_2_Images,2,35956298.52,65333293.47,101289592,35.5,41140893.15,58901926.18,100042819.3,41.12328444
st061_bl1_fo2.tif,Menardella,pertenuis,Original,T1_AI_2_Images,2,17416721.85,29431045.94,46847767.79,37.18,17318074.61,35913956.97,53232031.58,32.53318368
st061_bl1_fo3.tif,Menardella,pertenuis,Original,T1_AI_2_Images,2,10618883.63,19641769.3,30260652.93,35.09,11017986.46,21516110.3,32534096.75,33.86596696
st061_bl1_fo5.tif,Menardella,pertenuis,Original,T1_AI_2_Images,2,16504869.85,30904592.77,47409462.62,34.81,17240305.42,32898692.89,50138998.31,34.38502163
st062_bl1_fo2.tif,Menardella,exilis,Original,T1_AI_2_Images,2,15612609.85,15352409.56,30965019.41,50.42,15411285.81,19200837.45,34612123.25,44.52568742
st062_bl1_fo3.tif,Menardella,exilis,Original,T1_AI_2_Images,2,7015797.128,9342216.128,16358013.26,42.89,7307177.747,12523865.48,19831043.23,36.84716766
st062_bl1_fo5.tif,Menardella,exilis,Original,T1_AI_2_Images,2,7674470.728,12275770.95,19950241.68,38.47,7800627.126,12065917.98,19866545.1,39.26514191
st049_bl1_fo2.tif,Menardella,limbata,Original,T2_AI_4_Images,4,14921492.16,10251676.45,25173168.61,59.28,12994479.88,11805330.65,24799810.52,52.3974966
st049_bl1_fo3.tif,Menardella,limbata,Original,T2_AI_4_Images,4,40325477.69,27503685.24,67829162.93,59.45,40346238.22,27618732.29,67964970.51,59.36328365
st049_bl1_fo4.tif,Menardella,limbata,Original,T2_AI_4_Images,4,22610731.83,37386769.82,59997501.65,37.69,24224618.75,35445366.47,59669985.22,40.59766172
st049_bl2_fo1.tif,Menardella,limbata,Original,T2_AI_4_Images,4,57485542.31,45014124.62,102499666.9,56.08,58906057.36,40952146.89,99858204.26,58.98970225
st050_bl1_fo1.tif,Menardella,exilis,Original,T2_AI_4_Images,4,4776399.227,7130804.589,11907203.82,40.11,4557068.335,7180256.009,11737324.34,38.82544438
st050_bl1_fo2.tif,Menardella,exilis,Original,T2_AI_4_Images,4,7095694.243,7996016.826,15091711.07,47.02,6636323.012,9114082.286,15750405.3,42.13429995
st050_bl1_fo3.tif,Menardella,exilis,Original,T2_AI_4_Images,4,7737616.43,7665911.054,15403527.48,50.23,7238474.14,7929151.631,15167625.77,47.72318522
st050_bl1_fo4.tif,Menardella,exilis,Original,T2_AI_4_Images,4,7581186.135,12035305.46,19616491.59,38.65,7035822.838,11762476.97,18798299.81,37.42797439
st050_bl1_fo5.tif,Menardella,exilis,Original,T2_AI_4_Images,4,11719399.36,18126058.51,29845457.87,39.27,12281121.38,17884783.65,30165905.03,40.71192748
st051_bl1_fo1.tif,Menardella,pertenuis,Original,T2_AI_4_Images,4,24775221.64,33940924.98,58716146.62,42.19,24886831.85,33790508.95,58677340.8,42.41301925
st051_bl1_fo2.tif,Menardella,pertenuis,Original,T2_AI_4_Images,4,78111194.72,73214266.67,151325461.4,51.62,77763100.72,69300953.93,147064054.6,52.87702757
st051_bl1_fo3.tif,Menardella,pertenuis,Original,T2_AI_4_Images,4,18636154.12,38307878.53,56944032.65,32.73,19944914.94,31530043.21,51474958.14,38.7468308
st051_bl1_fo4.tif,Menardella,pertenuis,Original,T2_AI_4_Images,4,45039196.92,61835071.32,106874268.2,42.14,47868801.89,58756018.28,106624820.2,44.89461442
st051_bl1_fo5.tif,Menardella,pertenuis,Original,T2_AI_4_Images,4,35956298.52,65333293.47,101289592,35.5,40023262.92,51154706.87,91177969.79,43.89576014
st061_bl1_fo2.tif,Menardella,pertenuis,Original,T2_AI_4_Images,4,17416721.85,29431045.94,46847767.79,37.18,17482662.52,29553203.4,47035865.92,37.16879061
st061_bl1_fo3.tif,Menardella,pertenuis,Original,T2_AI_4_Images,4,10618883.63,19641769.3,30260652.93,35.09,11067905.58,18858845.57,29926751.15,36.98331811
st061_bl1_fo5.tif,Menardella,pertenuis,Original,T2_AI_4_Images,4,16504869.85,30904592.77,47409462.62,34.81,17009809.48,30888489.65,47898299.13,35.51234551
st062_bl1_fo2.tif,Menardella,exilis,Original,T2_AI_4_Images,4,15612609.85,15352409.56,30965019.41,50.42,15241587.84,15896440,31138027.84,48.94846879
st062_bl1_fo3.tif,Menardella,exilis,Original,T2_AI_4_Images,4,7015797.128,9342216.128,16358013.26,42.89,7170106.059,10118011.66,17288117.72,41.47418578
st062_bl1_fo5.tif,Menardella,exilis,Original,T2_AI_4_Images,4,7674470.728,12275770.95,19950241.68,38.47,7526570.725,12810141.79,20336712.52,37.00977097
st049_bl1_fo2.tif,Menardella,limbata,Original,T3_AI_8_Images,8,14921492.16,10251676.45,25173168.61,59.28,13439320.5,11420456.44,24859776.95,54.06050317
st049_bl1_fo3.tif,Menardella,limbata,Original,T3_AI_8_Images,8,40325477.69,27503685.24,67829162.93,59.45,40532784.12,27126082.65,67658866.77,59.90757169
st049_bl1_fo4.tif,Menardella,limbata,Original,T3_AI_8_Images,8,22610731.83,37386769.82,59997501.65,37.69,23284492.66,36720373,60004865.66,38.80434095
st049_bl2_fo1.tif,Menardella,limbata,Original,T3_AI_8_Images,8,57485542.31,45014124.62,102499666.9,56.08,57951382.6,46130557.64,104081940.2,55.67861482
st050_bl1_fo1.tif,Menardella,exilis,Original,T3_AI_8_Images,8,4776399.227,7130804.589,11907203.82,40.11,4522273.417,7117872.06,11640145.48,38.85066064
st050_bl1_fo2.tif,Menardella,exilis,Original,T3_AI_8_Images,8,7095694.243,7996016.826,15091711.07,47.02,6560701.984,8353999.864,14914701.85,43.98815377
st050_bl1_fo3.tif,Menardella,exilis,Original,T3_AI_8_Images,8,7737616.43,7665911.054,15403527.48,50.23,7318897.279,7879569.689,15198466.97,48.15549683
st050_bl1_fo4.tif,Menardella,exilis,Original,T3_AI_8_Images,8,7581186.135,12035305.46,19616491.59,38.65,7064189.56,12162961.15,19227150.71,36.74069896
st050_bl1_fo5.tif,Menardella,exilis,Original,T3_AI_8_Images,8,11719399.36,18126058.51,29845457.87,39.27,11835683.35,17854872.42,29690555.77,39.86346176
st051_bl1_fo1.tif,Menardella,pertenuis,Original,T3_AI_8_Images,8,24775221.64,33940924.98,58716146.62,42.19,24546372.84,34649778.18,59196151.02,41.46616363
st051_bl1_fo2.tif,Menardella,pertenuis,Original,T3_AI_8_Images,8,78111194.72,73214266.67,151325461.4,51.62,76071817.7,73636094.98,149707912.7,50.81349164
st051_bl1_fo3.tif,Menardella,pertenuis,Original,T3_AI_8_Images,8,18636154.12,38307878.53,56944032.65,32.73,18749575.2,38674896.9,57424472.1,32.65084469
st051_bl1_fo4.tif,Menardella,pertenuis,Original,T3_AI_8_Images,8,45039196.92,61835071.32,106874268.2,42.14,47069497.87,60249302.48,107318800.3,43.85950804
st051_bl1_fo5.tif,Menardella,pertenuis,Original,T3_AI_8_Images,8,35956298.52,65333293.47,101289592,35.5,36827177.95,63513194.3,100340372.2,36.70225366
st061_bl1_fo2.tif,Menardella,pertenuis,Original,T3_AI_8_Images,8,17416721.85,29431045.94,46847767.79,37.18,17098972.13,29771789.23,46870761.36,36.481106
st061_bl1_fo3.tif,Menardella,pertenuis,Original,T3_AI_8_Images,8,10618883.63,19641769.3,30260652.93,35.09,10937003.16,19147505.26,30084508.42,36.35426914
st061_bl1_fo5.tif,Menardella,pertenuis,Original,T3_AI_8_Images,8,16504869.85,30904592.77,47409462.62,34.81,16913190.77,31430562.71,48343753.48,34.98526604
st062_bl1_fo2.tif,Menardella,exilis,Original,T3_AI_8_Images,8,15612609.85,15352409.56,30965019.41,50.42,15296039.26,15578863.77,30874903.04,49.54198316
st062_bl1_fo3.tif,Menardella,exilis,Original,T3_AI_8_Images,8,7015797.128,9342216.128,16358013.26,42.89,7029305.343,9373717.176,16403022.52,42.85372001
st062_bl1_fo5.tif,Menardella,exilis,Original,T3_AI_8_Images,8,7674470.728,12275770.95,19950241.68,38.47,7441025.946,12403063.45,19844089.39,37.49744217
st049_bl1_fo2.tif,Menardella,limbata,Original,T4_AI_16_Images,16,14921492.16,10251676.45,25173168.61,59.28,13440505.27,11428641.09,24869146.36,54.04489994
st049_bl1_fo3.tif,Menardella,limbata,Original,T4_AI_16_Images,16,40325477.69,27503685.24,67829162.93,59.45,40396851.54,27530967.4,67927818.94,59.47026147
st049_bl1_fo4.tif,Menardella,limbata,Original,T4_AI_16_Images,16,22610731.83,37386769.82,59997501.65,37.69,23445604.18,36903033.09,60348637.27,38.85026281
st049_bl2_fo1.tif,Menardella,limbata,Original,T4_AI_16_Images,16,57485542.31,45014124.62,102499666.9,56.08,57898709.54,46127188.13,104025897.7,55.65797637
st050_bl1_fo1.tif,Menardella,exilis,Original,T4_AI_16_Images,16,4776399.227,7130804.589,11907203.82,40.11,4598052.159,7214556.032,11812608.19,38.92495276
st050_bl1_fo2.tif,Menardella,exilis,Original,T4_AI_16_Images,16,7095694.243,7996016.826,15091711.07,47.02,6741887.9,8238047.622,14979935.52,45.00612096
st050_bl1_fo3.tif,Menardella,exilis,Original,T4_AI_16_Images,16,7737616.43,7665911.054,15403527.48,50.23,7360571.78,7897037.847,15257609.63,48.24197211
st050_bl1_fo4.tif,Menardella,exilis,Original,T4_AI_16_Images,16,7581186.135,12035305.46,19616491.59,38.65,7126040.545,12259873.53,19385914.08,36.75885758
st050_bl1_fo5.tif,Menardella,exilis,Original,T4_AI_16_Images,16,11719399.36,18126058.51,29845457.87,39.27,12513950.4,17305256.29,29819206.69,41.96607417
st051_bl1_fo1.tif,Menardella,pertenuis,Original,T4_AI_16_Images,16,24775221.64,33940924.98,58716146.62,42.19,25017426.24,34351540.07,59368966.31,42.13889478
st051_bl1_fo2.tif,Menardella,pertenuis,Original,T4_AI_16_Images,16,78111194.72,73214266.67,151325461.4,51.62,77448869.35,73244953.5,150693822.8,51.39485341
st051_bl1_fo3.tif,Menardella,pertenuis,Original,T4_AI_16_Images,16,18636154.12,38307878.53,56944032.65,32.73,19250592.17,38401097.32,57651689.48,33.39120213
st051_bl1_fo4.tif,Menardella,pertenuis,Original,T4_AI_16_Images,16,45039196.92,61835071.32,106874268.2,42.14,47436537.99,60706271.37,108142809.4,43.86471765
st051_bl1_fo5.tif,Menardella,pertenuis,Original,T4_AI_16_Images,16,35956298.52,65333293.47,101289592,35.5,38002565.54,62948030.28,100950595.8,37.64471644
st061_bl1_fo2.tif,Menardella,pertenuis,Original,T4_AI_16_Images,16,17416721.85,29431045.94,46847767.79,37.18,17536660.44,29962046.41,47498706.85,36.92029027
st061_bl1_fo3.tif,Menardella,pertenuis,Original,T4_AI_16_Images,16,10618883.63,19641769.3,30260652.93,35.09,10993611.52,19262717.88,30256329.4,36.33491484
st061_bl1_fo5.tif,Menardella,pertenuis,Original,T4_AI_16_Images,16,16504869.85,30904592.77,47409462.62,34.81,17078697.76,31333427.35,48412125.11,35.27772788
st062_bl1_fo2.tif,Menardella,exilis,Original,T4_AI_16_Images,16,15612609.85,15352409.56,30965019.41,50.42,15327708.83,15690935.75,31018644.58,49.41450226
st062_bl1_fo3.tif,Menardella,exilis,Original,T4_AI_16_Images,16,7015797.128,9342216.128,16358013.26,42.89,7126145.925,9401092.375,16527238.3,43.11758441
st062_bl1_fo5.tif,Menardella,exilis,Original,T4_AI_16_Images,16,7674470.728,12275770.95,19950241.68,38.47,7636702.086,12293247.37,19929949.46,38.31771928
st049_bl1_fo2.tif,Menardella,limbata,Original,T5_AI_20_Images,20,14921492.16,10251676.45,25173168.61,59.28,13336968.9,11482759.78,24819728.68,53.73535332
st049_bl1_fo3.tif,Menardella,limbata,Original,T5_AI_20_Images,20,40325477.69,27503685.24,67829162.93,59.45,40344287.17,27266580.38,67610867.55,59.67130527
st049_bl1_fo4.tif,Menardella,limbata,Original,T5_AI_20_Images,20,22610731.83,37386769.82,59997501.65,37.69,23573145.6,36748182.34,60321327.93,39.07928821
st049_bl2_fo1.tif,Menardella,limbata,Original,T5_AI_20_Images,20,57485542.31,45014124.62,102499666.9,56.08,58076695.79,46229099.52,104305795.3,55.67926079
st050_bl1_fo1.tif,Menardella,exilis,Original,T5_AI_20_Images,20,4776399.227,7130804.589,11907203.82,40.11,4718860.897,7107522.775,11826383.67,39.90113147
st050_bl1_fo2.tif,Menardella,exilis,Original,T5_AI_20_Images,20,7095694.243,7996016.826,15091711.07,47.02,6841677.202,8154676.866,14996354.07,45.62227039
st050_bl1_fo3.tif,Menardella,exilis,Original,T5_AI_20_Images,20,7737616.43,7665911.054,15403527.48,50.23,7393909.206,7837073.988,15230983.19,48.54518655
st050_bl1_fo4.tif,Menardella,exilis,Original,T5_AI_20_Images,20,7581186.135,12035305.46,19616491.59,38.65,7355573.886,12432977.98,19788551.86,37.17085483
st050_bl1_fo5.tif,Menardella,exilis,Original,T5_AI_20_Images,20,11719399.36,18126058.51,29845457.87,39.27,12691889.58,16868829.69,29560719.28,42.93498228
st051_bl1_fo1.tif,Menardella,pertenuis,Original,T5_AI_20_Images,20,24775221.64,33940924.98,58716146.62,42.19,25244654.5,34222441.13,59467095.64,42.45146704
st051_bl1_fo2.tif,Menardella,pertenuis,Original,T5_AI_20_Images,20,78111194.72,73214266.67,151325461.4,51.62,77671034.8,72943506.95,150614541.7,51.56941282
st051_bl1_fo3.tif,Menardella,pertenuis,Original,T5_AI_20_Images,20,18636154.12,38307878.53,56944032.65,32.73,19582328.57,38663373.71,58245702.28,33.62021197
st051_bl1_fo4.tif,Menardella,pertenuis,Original,T5_AI_20_Images,20,45039196.92,61835071.32,106874268.2,42.14,47735841.95,60933630.14,108669472.1,43.92755484
st051_bl1_fo5.tif,Menardella,pertenuis,Original,T5_AI_20_Images,20,35956298.52,65333293.47,101289592,35.5,38809705.77,62746344.46,101556050.2,38.21506024
st061_bl1_fo2.tif,Menardella,pertenuis,Original,T5_AI_20_Images,20,17416721.85,29431045.94,46847767.79,37.18,17565473.12,29750182.45,47315655.56,37.12401933
st061_bl1_fo3.tif,Menardella,pertenuis,Original,T5_AI_20_Images,20,10618883.63,19641769.3,30260652.93,35.09,11046489.14,19193002.96,30239492.1,36.53000885
st061_bl1_fo5.tif,Menardella,pertenuis,Original,T5_AI_20_Images,20,16504869.85,30904592.77,47409462.62,34.81,17202595.51,31020822.37,48223417.88,35.67270067
st062_bl1_fo2.tif,Menardella,exilis,Original,T5_AI_20_Images,20,15612609.85,15352409.56,30965019.41,50.42,15419526.64,15559174.94,30978701.58,49.77460594
st062_bl1_fo3.tif,Menardella,exilis,Original,T5_AI_20_Images,20,7015797.128,9342216.128,16358013.26,42.89,7179743.912,9407392.585,16587136.5,43.28501133
st062_bl1_fo5.tif,Menardella,exilis,Original,T5_AI_20_Images,20,7674470.728,12275770.95,19950241.68,38.47,7705004.186,12362212.65,20067216.84,38.39597812
st049_bl1_fo2.tif,Menardella,limbata,Augmented ,Aug_T0_AI_1_Images,1,14921492.16,10251676.45,25173168.61,59.28,11240019.15,13783477.98,25023497.12,44.91785897
st049_bl1_fo3.tif,Menardella,limbata,Augmented ,Aug_T0_AI_1_Images,1,40325477.69,27503685.24,67829162.93,59.45,31316384.39,36911810.12,68228194.51,45.89947692
st049_bl1_fo4.tif,Menardella,limbata,Augmented ,Aug_T0_AI_1_Images,1,22610731.83,37386769.82,59997501.65,37.69,23107131.4,42710770.6,65817902,35.10766934
st049_bl2_fo1.tif,Menardella,limbata,Augmented ,Aug_T0_AI_1_Images,1,57485542.31,45014124.62,102499666.9,56.08,56089467.09,51737722.31,107827189.4,52.01792553
st050_bl1_fo1.tif,Menardella,exilis,Augmented ,Aug_T0_AI_1_Images,1,4776399.227,7130804.589,11907203.82,40.11,4455571.374,7092371.377,11547942.75,38.58324786
st050_bl1_fo2.tif,Menardella,exilis,Augmented ,Aug_T0_AI_1_Images,1,7095694.243,7996016.826,15091711.07,47.02,6500275.861,8627100.271,15127376.13,42.97027987
st050_bl1_fo3.tif,Menardella,exilis,Augmented ,Aug_T0_AI_1_Images,1,7737616.43,7665911.054,15403527.48,50.23,7105700.909,7976166.646,15081867.56,47.11419778
st050_bl1_fo4.tif,Menardella,exilis,Augmented ,Aug_T0_AI_1_Images,1,7581186.135,12035305.46,19616491.59,38.65,6913388.016,12308471.12,19221859.14,35.96628175
st050_bl1_fo5.tif,Menardella,exilis,Augmented ,Aug_T0_AI_1_Images,1,11719399.36,18126058.51,29845457.87,39.27,12134632.49,17743504.76,29878137.25,40.61375176
st051_bl1_fo1.tif,Menardella,pertenuis,Augmented ,Aug_T0_AI_1_Images,1,24775221.64,33940924.98,58716146.62,42.19,24784101.95,34346363.06,59130465,41.91426863
st051_bl1_fo2.tif,Menardella,pertenuis,Augmented ,Aug_T0_AI_1_Images,1,78111194.72,73214266.67,151325461.4,51.62,72548428.32,118804978.1,191353406.5,37.91331948
st051_bl1_fo3.tif,Menardella,pertenuis,Augmented ,Aug_T0_AI_1_Images,1,18636154.12,38307878.53,56944032.65,32.73,19379060.29,38581971.77,57961032.06,33.43463634
st051_bl1_fo4.tif,Menardella,pertenuis,Augmented ,Aug_T0_AI_1_Images,1,45039196.92,61835071.32,106874268.2,42.14,46466153.41,70204314.73,116670468.1,39.82683377
st051_bl1_fo5.tif,Menardella,pertenuis,Augmented ,Aug_T0_AI_1_Images,1,35956298.52,65333293.47,101289592,35.5,39542905.05,64892268.9,104435173.9,37.86358901
st061_bl1_fo2.tif,Menardella,pertenuis,Augmented ,Aug_T0_AI_1_Images,1,17416721.85,29431045.94,46847767.79,37.18,16883839.69,31957990.15,48841829.84,34.5684012
st061_bl1_fo3.tif,Menardella,pertenuis,Augmented ,Aug_T0_AI_1_Images,1,10618883.63,19641769.3,30260652.93,35.09,10523488.56,19600083.92,30123572.49,34.93439754
st061_bl1_fo5.tif,Menardella,pertenuis,Augmented ,Aug_T0_AI_1_Images,1,16504869.85,30904592.77,47409462.62,34.81,16660353.86,32738618.87,49398972.73,33.726114
st062_bl1_fo2.tif,Menardella,exilis,Augmented ,Aug_T0_AI_1_Images,1,15612609.85,15352409.56,30965019.41,50.42,14701933.3,17541985.18,32243918.48,45.59598831
st062_bl1_fo3.tif,Menardella,exilis,Augmented ,Aug_T0_AI_1_Images,1,7015797.128,9342216.128,16358013.26,42.89,6991341.008,9575677.218,16567018.23,42.20035804
st062_bl1_fo5.tif,Menardella,exilis,Augmented ,Aug_T0_AI_1_Images,1,7674470.728,12275770.95,19950241.68,38.47,7477865.049,12277140.79,19755005.84,37.8530136
st049_bl1_fo2.tif,Menardella,limbata,Augmented ,Aug_T1_AI_2_Images,2,14921492.16,10251676.45,25173168.61,59.28,11427184.59,13804265.68,25231450.28,45.28944817
st049_bl1_fo3.tif,Menardella,limbata,Augmented ,Aug_T1_AI_2_Images,2,40325477.69,27503685.24,67829162.93,59.45,30403540.47,37963847.44,68367387.91,44.47082359
st049_bl1_fo4.tif,Menardella,limbata,Augmented ,Aug_T1_AI_2_Images,2,22610731.83,37386769.82,59997501.65,37.69,22656225.66,40443850.77,63100076.43,35.90522696
st049_bl2_fo1.tif,Menardella,limbata,Augmented ,Aug_T1_AI_2_Images,2,57485542.31,45014124.62,102499666.9,56.08,54005826.9,51322446.42,105328273.3,51.27381775
st050_bl1_fo1.tif,Menardella,exilis,Augmented ,Aug_T1_AI_2_Images,2,4776399.227,7130804.589,11907203.82,40.11,4671198.712,7261190.359,11932389.07,39.14722093
st050_bl1_fo2.tif,Menardella,exilis,Augmented ,Aug_T1_AI_2_Images,2,7095694.243,7996016.826,15091711.07,47.02,6618686.263,8737211.666,15355897.93,43.10191624
st050_bl1_fo3.tif,Menardella,exilis,Augmented ,Aug_T1_AI_2_Images,2,7737616.43,7665911.054,15403527.48,50.23,7312121.026,8131275.408,15443396.43,47.34788139
st050_bl1_fo4.tif,Menardella,exilis,Augmented ,Aug_T1_AI_2_Images,2,7581186.135,12035305.46,19616491.59,38.65,7087291.907,12513499.01,19600790.91,36.1581935
st050_bl1_fo5.tif,Menardella,exilis,Augmented ,Aug_T1_AI_2_Images,2,11719399.36,18126058.51,29845457.87,39.27,11696694.02,17695951.34,29392645.36,39.79462847
st051_bl1_fo1.tif,Menardella,pertenuis,Augmented ,Aug_T1_AI_2_Images,2,24775221.64,33940924.98,58716146.62,42.19,24333359.61,34822647.85,59156007.45,41.13421553
st051_bl1_fo2.tif,Menardella,pertenuis,Augmented ,Aug_T1_AI_2_Images,2,78111194.72,73214266.67,151325461.4,51.62,69113010.03,96431670.96,165544681,41.74885573
st051_bl1_fo3.tif,Menardella,pertenuis,Augmented ,Aug_T1_AI_2_Images,2,18636154.12,38307878.53,56944032.65,32.73,18855823.51,39025410.83,57881234.35,32.57674741
st051_bl1_fo4.tif,Menardella,pertenuis,Augmented ,Aug_T1_AI_2_Images,2,45039196.92,61835071.32,106874268.2,42.14,43362232.24,69645317.44,113007549.7,38.37109323
st051_bl1_fo5.tif,Menardella,pertenuis,Augmented ,Aug_T1_AI_2_Images,2,35956298.52,65333293.47,101289592,35.5,37936248.71,61606168.15,99542416.86,38.11063656
st061_bl1_fo2.tif,Menardella,pertenuis,Augmented ,Aug_T1_AI_2_Images,2,17416721.85,29431045.94,46847767.79,37.18,17049232.48,30848669.65,47897902.12,35.59494617
st061_bl1_fo3.tif,Menardella,pertenuis,Augmented ,Aug_T1_AI_2_Images,2,10618883.63,19641769.3,30260652.93,35.09,10617632.8,19893464.14,30511096.94,34.79924967
st061_bl1_fo5.tif,Menardella,pertenuis,Augmented ,Aug_T1_AI_2_Images,2,16504869.85,30904592.77,47409462.62,34.81,16645904.02,32458073.28,49103977.3,33.89929886
st062_bl1_fo2.tif,Menardella,exilis,Augmented ,Aug_T1_AI_2_Images,2,15612609.85,15352409.56,30965019.41,50.42,15517389.17,17023623.07,32541012.23,47.68563761
st062_bl1_fo3.tif,Menardella,exilis,Augmented ,Aug_T1_AI_2_Images,2,7015797.128,9342216.128,16358013.26,42.89,7186816.02,9587739.483,16774555.5,42.84355564
st062_bl1_fo5.tif,Menardella,exilis,Augmented ,Aug_T1_AI_2_Images,2,7674470.728,12275770.95,19950241.68,38.47,7730308.307,12495212.85,20225521.15,38.22056424
st049_bl1_fo2.tif,Menardella,limbata,Augmented ,Aug_T2_AI_4_Images,4,14921492.16,10251676.45,25173168.61,59.28,12940643.79,11834900.82,24775544.61,52.23152102
st049_bl1_fo3.tif,Menardella,limbata,Augmented ,Aug_T2_AI_4_Images,4,40325477.69,27503685.24,67829162.93,59.45,40430486.86,27243678.57,67674165.44,59.74286731
st049_bl1_fo4.tif,Menardella,limbata,Augmented ,Aug_T2_AI_4_Images,4,22610731.83,37386769.82,59997501.65,37.69,23948965.6,36013987.7,59962953.3,39.93960318
st049_bl2_fo1.tif,Menardella,limbata,Augmented ,Aug_T2_AI_4_Images,4,57485542.31,45014124.62,102499666.9,56.08,59730761.41,42576647.77,102307409.2,58.38361257
st050_bl1_fo1.tif,Menardella,exilis,Augmented ,Aug_T2_AI_4_Images,4,4776399.227,7130804.589,11907203.82,40.11,4644447.195,7175437.582,11819884.78,39.29350652
st050_bl1_fo2.tif,Menardella,exilis,Augmented ,Aug_T2_AI_4_Images,4,7095694.243,7996016.826,15091711.07,47.02,6607678.93,8454817.025,15062495.96,43.86841962
st050_bl1_fo3.tif,Menardella,exilis,Augmented ,Aug_T2_AI_4_Images,4,7737616.43,7665911.054,15403527.48,50.23,7390700.546,7923397.798,15314098.34,48.26076195
st050_bl1_fo4.tif,Menardella,exilis,Augmented ,Aug_T2_AI_4_Images,4,7581186.135,12035305.46,19616491.59,38.65,7172593.296,12299040.93,19471634.22,36.83611357
st050_bl1_fo5.tif,Menardella,exilis,Augmented ,Aug_T2_AI_4_Images,4,11719399.36,18126058.51,29845457.87,39.27,12016776.81,17476723.78,29493500.58,40.74381328
st051_bl1_fo1.tif,Menardella,pertenuis,Augmented ,Aug_T2_AI_4_Images,4,24775221.64,33940924.98,58716146.62,42.19,25122043.14,33996055.77,59118098.91,42.49467355
st051_bl1_fo2.tif,Menardella,pertenuis,Augmented ,Aug_T2_AI_4_Images,4,78111194.72,73214266.67,151325461.4,51.62,78514332.51,70399855.57,148914188.1,52.72454796
st051_bl1_fo3.tif,Menardella,pertenuis,Augmented ,Aug_T2_AI_4_Images,4,18636154.12,38307878.53,56944032.65,32.73,19906294.02,37804958.25,57711252.27,34.49291643
st051_bl1_fo4.tif,Menardella,pertenuis,Augmented ,Aug_T2_AI_4_Images,4,45039196.92,61835071.32,106874268.2,42.14,48686236.31,58165339.01,106851575.3,45.56435988
st051_bl1_fo5.tif,Menardella,pertenuis,Augmented ,Aug_T2_AI_4_Images,4,35956298.52,65333293.47,101289592,35.5,40192086.69,56562543.68,96754630.37,41.54022039
st061_bl1_fo2.tif,Menardella,pertenuis,Augmented ,Aug_T2_AI_4_Images,4,17416721.85,29431045.94,46847767.79,37.18,17569894.54,29317464.84,46887359.38,37.47256142
st061_bl1_fo3.tif,Menardella,pertenuis,Augmented ,Aug_T2_AI_4_Images,4,10618883.63,19641769.3,30260652.93,35.09,11172072.8,18790397.8,29962470.6,37.28688781
st061_bl1_fo5.tif,Menardella,pertenuis,Augmented ,Aug_T2_AI_4_Images,4,16504869.85,30904592.77,47409462.62,34.81,16968314.44,30697987.75,47666302.19,35.59813467
st062_bl1_fo2.tif,Menardella,exilis,Augmented ,Aug_T2_AI_4_Images,4,15612609.85,15352409.56,30965019.41,50.42,15505729.16,15531163.74,31036892.9,49.95902524
st062_bl1_fo3.tif,Menardella,exilis,Augmented ,Aug_T2_AI_4_Images,4,7015797.128,9342216.128,16358013.26,42.89,7268936.181,9492893.877,16761830.06,43.36600572
st062_bl1_fo5.tif,Menardella,exilis,Augmented ,Aug_T2_AI_4_Images,4,7674470.728,12275770.95,19950241.68,38.47,7641442.192,12499143,20140585.2,37.94051721
st049_bl1_fo2.tif,Menardella,limbata,Augmented ,Aug_T3_AI_8_Images,8,14921492.16,10251676.45,25173168.61,59.28,13673534.1,11143765.27,24817299.37,55.0967851
st049_bl1_fo3.tif,Menardella,limbata,Augmented ,Aug_T3_AI_8_Images,8,40325477.69,27503685.24,67829162.93,59.45,40708324.75,26777289.39,67485614.14,60.32148521
st049_bl1_fo4.tif,Menardella,limbata,Augmented ,Aug_T3_AI_8_Images,8,22610731.83,37386769.82,59997501.65,37.69,23744577.61,36377101.39,60121678.99,39.49420243
st049_bl2_fo1.tif,Menardella,limbata,Augmented ,Aug_T3_AI_8_Images,8,57485542.31,45014124.62,102499666.9,56.08,58453689.69,45548327.93,104002017.6,56.20438048
st050_bl1_fo1.tif,Menardella,exilis,Augmented ,Aug_T3_AI_8_Images,8,4776399.227,7130804.589,11907203.82,40.11,4517743.225,7236325.969,11754069.19,38.43556772
st050_bl1_fo2.tif,Menardella,exilis,Augmented ,Aug_T3_AI_8_Images,8,7095694.243,7996016.826,15091711.07,47.02,6694736.925,8227350.278,14922087.2,44.86461467
st050_bl1_fo3.tif,Menardella,exilis,Augmented ,Aug_T3_AI_8_Images,8,7737616.43,7665911.054,15403527.48,50.23,7433402.906,7832092.409,15265495.32,48.69414816
st050_bl1_fo4.tif,Menardella,exilis,Augmented ,Aug_T3_AI_8_Images,8,7581186.135,12035305.46,19616491.59,38.65,7188663.784,12100299.84,19288963.62,37.26827384
st050_bl1_fo5.tif,Menardella,exilis,Augmented ,Aug_T3_AI_8_Images,8,11719399.36,18126058.51,29845457.87,39.27,12297099.42,17241142.93,29538242.35,41.63111424
st051_bl1_fo1.tif,Menardella,pertenuis,Augmented ,Aug_T3_AI_8_Images,8,24775221.64,33940924.98,58716146.62,42.19,25197066.26,34335062.82,59532129.09,42.32515559
st051_bl1_fo2.tif,Menardella,pertenuis,Augmented ,Aug_T3_AI_8_Images,8,78111194.72,73214266.67,151325461.4,51.62,76995413.43,72887000.33,149882413.8,51.37054541
st051_bl1_fo3.tif,Menardella,pertenuis,Augmented ,Aug_T3_AI_8_Images,8,18636154.12,38307878.53,56944032.65,32.73,19623804.46,38258664.32,57882468.78,33.90284635
st051_bl1_fo4.tif,Menardella,pertenuis,Augmented ,Aug_T3_AI_8_Images,8,45039196.92,61835071.32,106874268.2,42.14,47425025.67,60929937.71,108354963.4,43.76820792
st051_bl1_fo5.tif,Menardella,pertenuis,Augmented ,Aug_T3_AI_8_Images,8,35956298.52,65333293.47,101289592,35.5,37779937.86,63219154.35,100999092.2,37.40621528
st061_bl1_fo2.tif,Menardella,pertenuis,Augmented ,Aug_T3_AI_8_Images,8,17416721.85,29431045.94,46847767.79,37.18,17674763.31,29066797.86,46741561.17,37.81380611
st061_bl1_fo3.tif,Menardella,pertenuis,Augmented ,Aug_T3_AI_8_Images,8,10618883.63,19641769.3,30260652.93,35.09,11196540.18,18851694.07,30048234.26,37.26189063
st061_bl1_fo5.tif,Menardella,pertenuis,Augmented ,Aug_T3_AI_8_Images,8,16504869.85,30904592.77,47409462.62,34.81,17191278.19,30458583.7,47649861.89,36.07833792
st062_bl1_fo2.tif,Menardella,exilis,Augmented ,Aug_T3_AI_8_Images,8,15612609.85,15352409.56,30965019.41,50.42,15463285.64,15428735.05,30892020.69,50.05592154
st062_bl1_fo3.tif,Menardella,exilis,Augmented ,Aug_T3_AI_8_Images,8,7015797.128,9342216.128,16358013.26,42.89,7183407.71,9258307.555,16441715.26,43.69013569
st062_bl1_fo5.tif,Menardella,exilis,Augmented ,Aug_T3_AI_8_Images,8,7674470.728,12275770.95,19950241.68,38.47,7522417.696,12266997.4,19789415.1,38.01232961
st049_bl1_fo2.tif,Menardella,limbata,Augmented ,Aug_T4_AI_16_Images,16,14921492.16,10251676.45,25173168.61,59.28,13150575.18,11639664.85,24790240.03,53.04738946
st049_bl1_fo3.tif,Menardella,limbata,Augmented ,Aug_T4_AI_16_Images,16,40325477.69,27503685.24,67829162.93,59.45,40327945.04,27594977.24,67922922.28,59.3731007
st049_bl1_fo4.tif,Menardella,limbata,Augmented ,Aug_T4_AI_16_Images,16,22610731.83,37386769.82,59997501.65,37.69,22537026.5,37526082.79,60063109.29,37.52224413
st049_bl2_fo1.tif,Menardella,limbata,Augmented ,Aug_T4_AI_16_Images,16,57485542.31,45014124.62,102499666.9,56.08,57281491.27,45924310.98,103205802.2,55.50220048
st050_bl1_fo1.tif,Menardella,exilis,Augmented ,Aug_T4_AI_16_Images,16,4776399.227,7130804.589,11907203.82,40.11,4437298.332,7310010.925,11747309.26,37.77289109
st050_bl1_fo2.tif,Menardella,exilis,Augmented ,Aug_T4_AI_16_Images,16,7095694.243,7996016.826,15091711.07,47.02,6680743.908,8182314.843,14863058.75,44.94864765
st050_bl1_fo3.tif,Menardella,exilis,Augmented ,Aug_T4_AI_16_Images,16,7737616.43,7665911.054,15403527.48,50.23,7363252.914,7874860.03,15238112.94,48.3212911
st050_bl1_fo4.tif,Menardella,exilis,Augmented ,Aug_T4_AI_16_Images,16,7581186.135,12035305.46,19616491.59,38.65,7078878.693,12205407.9,19284286.59,36.70801437
st050_bl1_fo5.tif,Menardella,exilis,Augmented ,Aug_T4_AI_16_Images,16,11719399.36,18126058.51,29845457.87,39.27,12234797.04,17296293.8,29531090.84,41.43022386
st051_bl1_fo1.tif,Menardella,pertenuis,Augmented ,Aug_T4_AI_16_Images,16,24775221.64,33940924.98,58716146.62,42.19,24499991.85,34717139.11,59217130.96,41.37314904
st051_bl1_fo2.tif,Menardella,pertenuis,Augmented ,Aug_T4_AI_16_Images,16,78111194.72,73214266.67,151325461.4,51.62,74701666.91,75220542.38,149922209.3,49.82695177
st051_bl1_fo3.tif,Menardella,pertenuis,Augmented ,Aug_T4_AI_16_Images,16,18636154.12,38307878.53,56944032.65,32.73,19087103.11,38763961.03,57851064.13,32.9935212
st051_bl1_fo4.tif,Menardella,pertenuis,Augmented ,Aug_T4_AI_16_Images,16,45039196.92,61835071.32,106874268.2,42.14,45722975.34,61553321.33,107276296.7,42.62169441
st051_bl1_fo5.tif,Menardella,pertenuis,Augmented ,Aug_T4_AI_16_Images,16,35956298.52,65333293.47,101289592,35.5,36503011.29,64114466.86,100617478.2,36.27899641
st061_bl1_fo2.tif,Menardella,pertenuis,Augmented ,Aug_T4_AI_16_Images,16,17416721.85,29431045.94,46847767.79,37.18,17101995.89,29544708.61,46646704.5,36.66281696
st061_bl1_fo3.tif,Menardella,pertenuis,Augmented ,Aug_T4_AI_16_Images,16,10618883.63,19641769.3,30260652.93,35.09,10763512.59,19094230.64,29857743.23,36.04931728
st061_bl1_fo5.tif,Menardella,pertenuis,Augmented ,Aug_T4_AI_16_Images,16,16504869.85,30904592.77,47409462.62,34.81,16672666.41,30958710.34,47631376.75,35.00353663
st062_bl1_fo2.tif,Menardella,exilis,Augmented ,Aug_T4_AI_16_Images,16,15612609.85,15352409.56,30965019.41,50.42,15165778.76,15674715.02,30840493.78,49.17488957
st062_bl1_fo3.tif,Menardella,exilis,Augmented ,Aug_T4_AI_16_Images,16,7015797.128,9342216.128,16358013.26,42.89,6840483.874,9509761.479,16350245.35,41.83719404
st062_bl1_fo5.tif,Menardella,exilis,Augmented ,Aug_T4_AI_16_Images,16,7674470.728,12275770.95,19950241.68,38.47,7469216.53,12302781.94,19771998.47,37.77674038
st049_bl1_fo2.tif,Menardella,limbata,Augmented ,Aug_T5_AI_20_Images,20,14921492.16,10251676.45,25173168.61,59.28,13196444,11609589.25,24806033.25,53.1985258
st049_bl1_fo3.tif,Menardella,limbata,Augmented ,Aug_T5_AI_20_Images,20,40325477.69,27503685.24,67829162.93,59.45,40423400.02,27240863.4,67664263.42,59.74113657
st049_bl1_fo4.tif,Menardella,limbata,Augmented ,Aug_T5_AI_20_Images,20,22610731.83,37386769.82,59997501.65,37.69,22927998.43,37202740.19,60130738.63,38.13024579
st049_bl2_fo1.tif,Menardella,limbata,Augmented ,Aug_T5_AI_20_Images,20,57485542.31,45014124.62,102499666.9,56.08,57725527.56,45676809.55,103402337.1,55.82613428
st050_bl1_fo1.tif,Menardella,exilis,Augmented ,Aug_T5_AI_20_Images,20,4776399.227,7130804.589,11907203.82,40.11,4462673.932,7307221.023,11769894.95,37.91600476
st050_bl1_fo2.tif,Menardella,exilis,Augmented ,Aug_T5_AI_20_Images,20,7095694.243,7996016.826,15091711.07,47.02,6720884.778,8224728.967,14945613.75,44.96894469
st050_bl1_fo3.tif,Menardella,exilis,Augmented ,Aug_T5_AI_20_Images,20,7737616.43,7665911.054,15403527.48,50.23,7389139.724,7883768.138,15272907.86,48.38069994
st050_bl1_fo4.tif,Menardella,exilis,Augmented ,Aug_T5_AI_20_Images,20,7581186.135,12035305.46,19616491.59,38.65,7113684.488,12223191.49,19336875.98,36.7881787
st050_bl1_fo5.tif,Menardella,exilis,Augmented ,Aug_T5_AI_20_Images,20,11719399.36,18126058.51,29845457.87,39.27,12327342.39,17175849.43,29503191.82,41.7830805
st051_bl1_fo1.tif,Menardella,pertenuis,Augmented ,Aug_T5_AI_20_Images,20,24775221.64,33940924.98,58716146.62,42.19,24738770.49,34528819.98,59267590.47,41.7408069
st051_bl1_fo2.tif,Menardella,pertenuis,Augmented ,Aug_T5_AI_20_Images,20,78111194.72,73214266.67,151325461.4,51.62,76479893.22,74205500.67,150685393.9,50.75468249
st051_bl1_fo3.tif,Menardella,pertenuis,Augmented ,Aug_T5_AI_20_Images,20,18636154.12,38307878.53,56944032.65,32.73,19127328.25,38911130.55,58038458.79,32.9562994
st051_bl1_fo4.tif,Menardella,pertenuis,Augmented ,Aug_T5_AI_20_Images,20,45039196.92,61835071.32,106874268.2,42.14,46287481.36,61695585.74,107983067.1,42.86549975
st051_bl1_fo5.tif,Menardella,pertenuis,Augmented ,Aug_T5_AI_20_Images,20,35956298.52,65333293.47,101289592,35.5,36672340.8,63825565.86,100497906.7,36.49065142
st061_bl1_fo2.tif,Menardella,pertenuis,Augmented ,Aug_T5_AI_20_Images,20,17416721.85,29431045.94,46847767.79,37.18,17226426.6,29546813.27,46773239.88,36.82966296
st061_bl1_fo3.tif,Menardella,pertenuis,Augmented ,Aug_T5_AI_20_Images,20,10618883.63,19641769.3,30260652.93,35.09,10816069.34,19275008.67,30091078.01,35.94443952
st061_bl1_fo5.tif,Menardella,pertenuis,Augmented ,Aug_T5_AI_20_Images,20,16504869.85,30904592.77,47409462.62,34.81,16800653.84,30967700.03,47768353.87,35.17109651
st062_bl1_fo2.tif,Menardella,exilis,Augmented ,Aug_T5_AI_20_Images,20,15612609.85,15352409.56,30965019.41,50.42,15185407.8,15627178.07,30812585.87,49.28313341
st062_bl1_fo3.tif,Menardella,exilis,Augmented ,Aug_T5_AI_20_Images,20,7015797.128,9342216.128,16358013.26,42.89,6952023.134,9382555.952,16334579.09,42.56016085
st062_bl1_fo5.tif,Menardella,exilis,Augmented ,Aug_T5_AI_20_Images,20,7674470.728,12275770.95,19950241.68,38.47,7531636.985,12288132.19,19819769.17,38.00062917
